,URL,Title,Total Clicks,Total Impressions,Average CTR,Average Position,Desktop Clicks (URL Avg),Desktop Impressions (URL Avg),Desktop CTR (URL Avg),Desktop Position (URL Avg),Mobile Clicks (URL Avg),Mobile Impressions (URL Avg),Mobile CTR (URL Avg),Mobile Position (URL Avg),Tablet Clicks (URL Avg),Tablet Impressions (URL Avg),Tablet CTR (URL Avg),Tablet Position (URL Avg),Found in Google Analytics,Users,Sessions,Pageviews,Pageviews Per Session,Unique Pageviews,Bounce Rate,Avg Time On Page,Entrance Rate,Goal Completions,Goal Conversion Rate
0,https://www.mdmountainside.com/10th-annual-roger-rizer-memorial-car-show,Not Found,0,0,0,0,0,0,0,0,0,0,0,0,0,0,0,0,Yes,4,4,4,1.0,4,100.0,0.0,100.0,0,0
1,https://www.mdmountainside.com/1812-brewery-presents-musician-gibb-cochrum-and-food-by-chef-pauls-kitchen,"1812 Brewery Presents Musician Gibb Cochrum and Food by Chef Paul's Kitchen - Allegany County, The Mountain Side of Maryland",0,0,0,0,0,0,0,0,0,0,0,0,0,0,0,0,Yes,1,1,1,1.0,1,100.0,0.0,100.0,0,0
2,https://www.mdmountainside.com/18th-annual-labor-day-supercruise,"18th Annual Labor Day SuperCruise - Allegany County, The Mountain Side of Maryland",0,0,0,0,0,0,0,0,0,0,0,0,0,0,0,0,Yes,1,1,1,1.0,1,100.0,0.0,100.0,0,0
3,https://www.mdmountainside.com/1978-bishop-walsh-city-championship-football-reunion-with-night-traveler-and-wamba-caravan-89,"1978 Bishop Walsh City Championship Football Reunion with Night Traveler and Wamba Caravan #89 - Allegany County, The Mountain Side of Maryland",0,0,0,0,0,0,0,0,0,0,0,0,0,0,0,0,Yes,3,4,4,1.0,4,100.0,0.0,100.0,0,0
4,https://www.mdmountainside.com/1st-presbyterian-churchs-annual-ice-cream-social,Not Found,0,0,0,0,0,0,0,0,0,0,0,0,0,0,0,0,Yes,2,5,6,1.2,5,80.0,134.0,83.33,0,0
5,https://www.mdmountainside.com/2018-cumberland-holiday-historic-home-tour,"2018 Cumberland Holiday Historic Home Tour - Allegany County, The Mountain Side of Maryland",0,0,0,0,0,0,0,0,0,0,0,0,0,0,0,0,Yes,4,4,4,1.0,4,100.0,0.0,100.0,0,0
6,https://www.mdmountainside.com/2019-heritage-days-festival,Not Found,0,0,0,0,0,0,0,0,0,0,0,0,0,0,0,0,Yes,721,868,1190,1.37,1070,84.33,110.53,72.94,0,0
7,https://www.mdmountainside.com/2019-polish-mountain-hill-climb,Not Found,0,0,0,0,0,0,0,0,0,0,0,0,0,0,0,0,Yes,325,387,528,1.36,455,82.69,175.28,73.3,0,0
8,https://www.mdmountainside.com/2nd-annual-ugly-christmas-sweater-party-at-1812-brewery,"2nd Annual Ugly Christmas Sweater Party at 1812 Brewery - Allegany County, The Mountain Side of Maryland",0,0,0,0,0,0,0,0,0,0,0,0,0,0,0,0,Yes,1,1,1,1.0,1,100.0,0.0,100.0,0,0
9,https://www.mdmountainside.com/2nd-annual-ymca-dragons-on-the-lake,"2nd Annual YMCA Dragons on the Lake - Allegany County, The Mountain Side of Maryland",0,0,0,0,0,0,0,0,0,0,0,0,0,0,0,0,Yes,3,3,3,1.0,3,100.0,0.0,100.0,0,0
10,https://www.mdmountainside.com/32nd-annual-coney-days-sunday-in-the-park,"32nd Annual Coney Days: Sunday in the Park - Allegany County, The Mountain Side of Maryland",0,0,0,0,0,0,0,0,0,0,0,0,0,0,0,0,Yes,2,2,2,1.0,2,100.0,0.0,100.0,0,0
11,https://www.mdmountainside.com/3m-challenge-bike-ride,"3M Challenge Bike Ride - Allegany County, The Mountain Side of Maryland",0,0,0,0,0,0,0,0,0,0,0,0,0,0,0,0,Yes,4,5,5,1.0,5,100.0,0.0,100.0,0,0
12,https://www.mdmountainside.com/4th-annual-brush-tunnel-marathon-and-half-marathon,"4th Annual Brush Tunnel Marathon and Half Marathon - Allegany County, The Mountain Side of Maryland",0,0,0,0,0,0,0,0,0,0,0,0,0,0,0,0,Yes,1,1,1,1.0,1,100.0,0.0,100.0,0,0
13,https://www.mdmountainside.com/5th-annual-howards-run-festival,"5th Annual Howards Run Festival - Allegany County, The Mountain Side of Maryland",0,0,0,0,0,0,0,0,0,0,0,0,0,0,0,0,Yes,1,1,1,1.0,1,100.0,0.0,100.0,0,0
14,https://www.mdmountainside.com/6th-annual-casa-wine-and-craft-beer-festival,Not Found,0,0,0,0,0,0,0,0,0,0,0,0,0,0,0,0,Yes,16,17,18,1.06,18,94.12,166.0,94.44,0,0
15,https://www.mdmountainside.com/Delfest,"DelFest - Allegany County, The Mountain Side of Maryland",0,0,0,0,0,0,0,0,0,0,0,0,0,0,0,0,Yes,3,5,10,2.0,7,80.0,252.4,50.0,0,0
16,https://www.mdmountainside.com/a-streetcar-named-desire,Not Found,0,0,0,0,0,0,0,0,0,0,0,0,0,0,0,0,Yes,5,5,5,1.0,5,100.0,0.0,100.0,0,0
17,https://www.mdmountainside.com/about,"About Us - Allegany County, The Mountain Side of Maryland",0,0,0,0,0,0,0,0,0,0,0,0,0,0,0,0,Yes,1,1,1,1.0,1,100.0,0.0,100.0,0,0
18,https://www.mdmountainside.com/al-gar-federal-credit-union,"Al-Gar Federal Credit Union - Allegany County, The Mountain Side of Maryland",0,0,0,0,0,0,0,0,0,0,0,0,0,0,0,0,Yes,2,2,2,1.0,2,100.0,0.0,100.0,0,0
19,https://www.mdmountainside.com/aldi-grocery-store,"ALDI Grocery Store - Allegany County, The Mountain Side of Maryland",0,0,0,0,0,0,0,0,0,0,0,0,0,0,0,0,Yes,17,17,17,1.0,17,100.0,0.0,100.0,0,0
20,https://www.mdmountainside.com/allegany-chiropractic-center,"Allegany Chiropractic Center - Allegany County, The Mountain Side of Maryland",0,0,0,0,0,0,0,0,0,0,0,0,0,0,0,0,Yes,1,1,1,1.0,1,100.0,0.0,100.0,0,0
21,https://www.mdmountainside.com/allegany-county-library-system,"Allegany County Library System - Allegany County, The Mountain Side of Maryland",0,0,0,0,0,0,0,0,0,0,0,0,0,0,0,0,Yes,1,1,1,1.0,1,100.0,0.0,100.0,0,0
22,https://www.mdmountainside.com/allegany-county-teachers-credit-union,"Allegany County Teachers Credit Union - Allegany County, The Mountain Side of Maryland",0,0,0,0,0,0,0,0,0,0,0,0,0,0,0,0,Yes,27,30,32,1.07,30,96.67,122.0,93.75,0,0
23,https://www.mdmountainside.com/allegany-museum,"Allegany Museum - Allegany County, The Mountain Side of Maryland",0,0,0,0,0,0,0,0,0,0,0,0,0,0,0,0,Yes,30,35,46,1.31,44,85.71,120.55,76.09,0,0
24,https://www.mdmountainside.com/amish-outlaws-live,Not Found,0,0,0,0,0,0,0,0,0,0,0,0,0,0,0,0,Yes,5,5,6,1.2,6,80.0,420.0,83.33,0,0
25,https://www.mdmountainside.com/an-evening-at-1812-with-gibb-cochrum-and-mighty-kimchi-food-truck,"An Evening at 1812 with Gibb Cochrum & Mighty Kimchi Food Truck - Allegany County, The Mountain Side of Maryland",0,0,0,0,0,0,0,0,0,0,0,0,0,0,0,0,Yes,3,3,3,1.0,3,100.0,0.0,100.0,0,0
26,https://www.mdmountainside.com/annies-sleep-center,"Annie's Sleep Center - Allegany County, The Mountain Side of Maryland",0,0,0,0,0,0,0,0,0,0,0,0,0,0,0,0,Yes,1,1,1,1.0,1,100.0,0.0,100.0,0,0
27,https://www.mdmountainside.com/appalachia-awakening,"Appalachia Awakening - Allegany County, The Mountain Side of Maryland",0,0,0,0,0,0,0,0,0,0,0,0,0,0,0,0,Yes,28,29,36,1.24,32,89.66,173.71,80.56,0,0
28,https://www.mdmountainside.com/appels-gateway,"Appel's Gateway - Allegany County, The Mountain Side of Maryland",0,0,0,0,0,0,0,0,0,0,0,0,0,0,0,0,Yes,4,4,4,1.0,4,100.0,0.0,100.0,0,0
29,https://www.mdmountainside.com/around-the-back-family-chiropractic,"Around the Back Family Chiropractic - Allegany County, The Mountain Side of Maryland",0,0,0,0,0,0,0,0,0,0,0,0,0,0,0,0,Yes,41,46,56,1.22,47,84.78,164.3,82.14,0,0
30,https://www.mdmountainside.com/art-and-yoga-2,Not Found,0,0,0,0,0,0,0,0,0,0,0,0,0,0,0,0,Yes,1,1,1,1.0,1,100.0,0.0,100.0,0,0
31,https://www.mdmountainside.com/art-exhibit-by-sheri-sensabaugh-the-fabric-of-my-life,"Art Exhibit by Sheri Sensabaugh - The Fabric of My Life - Allegany County, The Mountain Side of Maryland",0,0,0,0,0,0,0,0,0,0,0,0,0,0,0,0,Yes,1,1,1,1.0,1,100.0,0.0,100.0,0,0
32,https://www.mdmountainside.com/b-rads-pizza,"B-Rad's Pizza - Allegany County, The Mountain Side of Maryland",0,0,0,0,0,0,0,0,0,0,0,0,0,0,0,0,Yes,106,109,144,1.32,126,82.57,84.23,75.69,0,0
33,https://www.mdmountainside.com/back-by-popular-demand-the-fly-birds,"Back By Popular Demand - The Fly Birds - Allegany County, The Mountain Side of Maryland",0,0,0,0,0,0,0,0,0,0,0,0,0,0,0,0,Yes,1,1,1,1.0,1,100.0,0.0,100.0,0,0
34,https://www.mdmountainside.com/baltimore-street-grill,"Baltimore Street Grill - Allegany County, The Mountain Side of Maryland",0,0,0,0,0,0,0,0,0,0,0,0,0,0,0,0,Yes,28,31,38,1.23,32,80.65,146.14,81.58,0,0
35,https://www.mdmountainside.com/banana-leaf,"Banana Leaf - Allegany County, The Mountain Side of Maryland",0,0,0,0,0,0,0,0,0,0,0,0,0,0,0,0,Yes,1,1,1,1.0,1,100.0,0.0,100.0,0,0
36,https://www.mdmountainside.com/barkin-basement-thrift-shop,"Barkin' Basement Thrift Shop - Allegany County, The Mountain Side of Maryland",0,0,0,0,0,0,0,0,0,0,0,0,0,0,0,0,Yes,12,14,16,1.14,16,92.86,469.5,87.5,0,0
37,https://www.mdmountainside.com/bartons-towing-auto-service,"Barton's Towing & Auto Service - Allegany County, The Mountain Side of Maryland",0,0,0,0,0,0,0,0,0,0,0,0,0,0,0,0,Yes,5,6,11,1.83,8,83.33,53.8,54.55,0,0
38,https://www.mdmountainside.com/basecamp-coffee-company,"Basecamp Coffee Company - Allegany County, The Mountain Side of Maryland",0,0,0,0,0,0,0,0,0,0,0,0,0,0,0,0,Yes,74,82,110,1.34,98,85.37,57.36,74.55,0,0
39,https://www.mdmountainside.com/bay-runner-shuttle,"Bay Runner Shuttle - Allegany County, The Mountain Side of Maryland",0,0,0,0,0,0,0,0,0,0,0,0,0,0,0,0,Yes,6,7,9,1.29,8,85.71,136.0,77.78,0,0
40,https://www.mdmountainside.com/bb-country-meats,"B&B Country Meats - Allegany County, The Mountain Side of Maryland",0,0,0,0,0,0,0,0,0,0,0,0,0,0,0,0,Yes,106,113,148,1.31,130,86.73,78.51,76.35,0,0
41,https://www.mdmountainside.com/beckmans-greene-street-pharmacy-inc,"Beckman's Greene Street Pharmacy, Inc. - Allegany County, The Mountain Side of Maryland",0,0,0,0,0,0,0,0,0,0,0,0,0,0,0,0,Yes,1,1,1,1.0,1,100.0,0.0,100.0,0,0
42,https://www.mdmountainside.com/best-of-the-blue-ridge-2019,"Best of the Blue Ridge 2019 - Allegany County, The Mountain Side of Maryland",0,0,0,0,0,0,0,0,0,0,0,0,0,0,0,0,Yes,3,3,3,1.0,3,100.0,0.0,100.0,0,0
43,https://www.mdmountainside.com/blog/best-places-to-cool-off,"Best Places to Cool Off | the Mountain Side of Maryland - Allegany County, The Mountain Side of Maryland",0,0,0,0,0,0,0,0,0,0,0,0,0,0,0,0,Yes,6,6,8,1.33,7,83.33,171.0,75.0,0,0
44,https://www.mdmountainside.com/blog/he-really-did-sleep-here-george-washington-in-allegany-county,"He Really Did Sleep Here | George Washington in Allegany County - Allegany County, The Mountain Side of Maryland",0,0,0,0,0,0,0,0,0,0,0,0,0,0,0,0,Yes,16,17,18,1.06,18,94.12,92.0,94.44,0,0
45,https://www.mdmountainside.com/blog/made-in-allegany-county-md,"Made in Allegany County, MD - Allegany County, The Mountain Side of Maryland",0,0,0,0,0,0,0,0,0,0,0,0,0,0,0,0,Yes,2,2,2,1.0,2,100.0,0.0,100.0,0,0
46,https://www.mdmountainside.com/blog/mothers-day-in-mountain-maryland,"Mother's Day in Mountain Maryland - Allegany County, The Mountain Side of Maryland",0,0,0,0,0,0,0,0,0,0,0,0,0,0,0,0,Yes,1,1,1,1.0,1,100.0,0.0,100.0,0,0
47,https://www.mdmountainside.com/blog/mountain-maryland-easter-egg-hunts,"Mountain Maryland Easter Egg Hunts - Allegany County, The Mountain Side of Maryland",0,0,0,0,0,0,0,0,0,0,0,0,0,0,0,0,Yes,3,4,4,1.0,4,100.0,0.0,100.0,0,0
48,https://www.mdmountainside.com/blog/plan-for-vacation-day,"Plan For Vacation Day - Allegany County, The Mountain Side of Maryland",0,0,0,0,0,0,0,0,0,0,0,0,0,0,0,0,Yes,3,3,3,1.0,3,100.0,0.0,100.0,0,0
49,https://www.mdmountainside.com/blog/spooktacular-halloween-activities-2018,"Spooktacular Halloween Activities 2018 - Allegany County, The Mountain Side of Maryland",0,0,0,0,0,0,0,0,0,0,0,0,0,0,0,0,Yes,7,7,7,1.0,7,100.0,0.0,100.0,0,0
50,https://www.mdmountainside.com/blog/spring-bucket-list,"Spring Bucket List - Allegany County, The Mountain Side of Maryland",0,0,0,0,0,0,0,0,0,0,0,0,0,0,0,0,Yes,6,6,6,1.0,6,100.0,0.0,100.0,0,0
51,https://www.mdmountainside.com/blog/top-five-reasons-to-bike-allegany-county-md,"Top Five Reasons to Bike Allegany County, MD - Allegany County, The Mountain Side of Maryland",0,0,0,0,0,0,0,0,0,0,0,0,0,0,0,0,Yes,4,4,4,1.0,4,100.0,0.0,100.0,0,0
52,https://www.mdmountainside.com/blog/your-guide-to-small-business-saturday,"Your Guide to Small Business Saturday in Allegany County! - Allegany County, The Mountain Side of Maryland",0,0,0,0,0,0,0,0,0,0,0,0,0,0,0,0,Yes,5,5,10,2.0,10,80.0,31.0,50.0,0,0
53,https://www.mdmountainside.com/blurred-lines-deborah-hicks-odgers,Not Found,0,0,0,0,0,0,0,0,0,0,0,0,0,0,0,0,Yes,1,1,1,1.0,1,100.0,0.0,100.0,0,0
54,https://www.mdmountainside.com/book-discussion-of-heartland-a-memoir-by-sarah-smarsh-2,Not Found,0,0,0,0,0,0,0,0,0,0,0,0,0,0,0,0,Yes,1,1,1,1.0,1,100.0,0.0,100.0,0,0
55,https://www.mdmountainside.com/buckleys-24-hr-towing,"Buckley's 24-HR Towing - Allegany County, The Mountain Side of Maryland",0,0,0,0,0,0,0,0,0,0,0,0,0,0,0,0,Yes,1,1,1,1.0,1,100.0,0.0,100.0,0,0
56,https://www.mdmountainside.com/buttercup-boutique,"Buttercup Boutique - Allegany County, The Mountain Side of Maryland",0,0,0,0,0,0,0,0,0,0,0,0,0,0,0,0,Yes,20,21,22,1.05,21,95.24,35.0,95.45,0,0
57,https://www.mdmountainside.com/c-o-canal-national-park-camping,"C & O Canal National Park Camping - Allegany County, The Mountain Side of Maryland",0,0,0,0,0,0,0,0,0,0,0,0,0,0,0,0,Yes,4,4,4,1.0,4,100.0,0.0,100.0,0,0
58,https://www.mdmountainside.com/c-william-gilchrist-gallery-and-museum,"C. William Gilchrist Gallery and Museum - Allegany County, The Mountain Side of Maryland",0,0,0,0,0,0,0,0,0,0,0,0,0,0,0,0,Yes,4,4,4,1.0,4,100.0,0.0,100.0,0,0
59,https://www.mdmountainside.com/cadillac-cowboys-and-maddie-lous-bbq-at-1812-brewery,Not Found,0,0,0,0,0,0,0,0,0,0,0,0,0,0,0,0,Yes,3,3,3,1.0,3,100.0,0.0,100.0,0,0
60,https://www.mdmountainside.com/calvary-baptist-church-calvary-christian-academy,"Calvary Baptist Church & Calvary Christian Academy - Allegany County, The Mountain Side of Maryland",0,0,0,0,0,0,0,0,0,0,0,0,0,0,0,0,Yes,11,11,12,1.09,11,90.91,65.0,91.67,0,0
61,https://www.mdmountainside.com/canal-boat-replica-the-cumberland,"Canal Boat Replica ""The Cumberland"" - Allegany County, The Mountain Side of Maryland",0,0,0,0,0,0,0,0,0,0,0,0,0,0,0,0,Yes,15,16,16,1.0,16,100.0,0.0,100.0,0,0
62,https://www.mdmountainside.com/canal-place-farmers-market,"Canal Place Farmers Market - Allegany County, The Mountain Side of Maryland",0,0,0,0,0,0,0,0,0,0,0,0,0,0,0,0,Yes,55,66,94,1.42,83,80.3,70.46,70.21,0,0
63,https://www.mdmountainside.com/caporales-bakery-inc,"Caporale's Bakery Inc. - Allegany County, The Mountain Side of Maryland",0,0,0,0,0,0,0,0,0,0,0,0,0,0,0,0,Yes,25,25,27,1.08,25,92.0,77.5,92.59,0,0
64,https://www.mdmountainside.com/cartridges-galore,"Cartridges Galore - Allegany County, The Mountain Side of Maryland",0,0,0,0,0,0,0,0,0,0,0,0,0,0,0,0,Yes,9,10,12,1.2,12,90.0,783.0,83.33,0,0
65,https://www.mdmountainside.com/category/assemblies_of_god,Not Found,0,0,0,0,0,0,0,0,0,0,0,0,0,0,0,0,Yes,1,1,1,1.0,1,100.0,0.0,100.0,1,100
66,https://www.mdmountainside.com/central-assembly-of-god,"Central Assembly of God - Allegany County, The Mountain Side of Maryland",0,0,0,0,0,0,0,0,0,0,0,0,0,0,0,0,Yes,14,14,15,1.07,15,92.86,53.0,93.33,0,0
67,https://www.mdmountainside.com/ces-at-frostburg-state-university,"CES at Frostburg State University - Allegany County, The Mountain Side of Maryland",0,0,0,0,0,0,0,0,0,0,0,0,0,0,0,0,Yes,1,1,1,1.0,1,100.0,0.0,100.0,0,0
68,https://www.mdmountainside.com/ces-at-frostburg-state-university-presents-six-appeal,"CES at Frostburg State University presents Six Appeal - Allegany County, The Mountain Side of Maryland",0,0,0,0,0,0,0,0,0,0,0,0,0,0,0,0,Yes,1,1,1,1.0,1,100.0,0.0,100.0,0,0
69,https://www.mdmountainside.com/chessie-federal-credit-union,"Chessie Federal Credit Union - Allegany County, The Mountain Side of Maryland",0,0,0,0,0,0,0,0,0,0,0,0,0,0,0,0,Yes,1,1,1,1.0,1,100.0,0.0,100.0,0,0
70,https://www.mdmountainside.com/chick-fil-a-lavale,"Chick-Fil-A - LaVale - Allegany County, The Mountain Side of Maryland",0,0,0,0,0,0,0,0,0,0,0,0,0,0,0,0,Yes,1,1,1,1.0,1,100.0,0.0,100.0,0,0
71,https://www.mdmountainside.com/chicken-coupe,"Chicken Coupe - Allegany County, The Mountain Side of Maryland",0,0,0,0,0,0,0,0,0,0,0,0,0,0,0,0,Yes,1,2,2,1.0,2,100.0,0.0,100.0,0,0
72,https://www.mdmountainside.com/childrens-medical-group,"Children's Medical Group - Allegany County, The Mountain Side of Maryland",0,0,0,0,0,0,0,0,0,0,0,0,0,0,0,0,Yes,100,111,135,1.22,118,85.59,167.79,82.22,0,0
73,https://www.mdmountainside.com/chinese-bandits-and-cruise-in-at-windsor-castle,"Chinese Bandits & Cruise In at Windsor Castle - Allegany County, The Mountain Side of Maryland",0,0,0,0,0,0,0,0,0,0,0,0,0,0,0,0,Yes,24,28,44,1.57,33,82.14,235.88,63.64,0,0
74,https://www.mdmountainside.com/chopsticks-chinese-restaurant,"Chopsticks Chinese Restaurant - Allegany County, The Mountain Side of Maryland",0,0,0,0,0,0,0,0,0,0,0,0,0,0,0,0,Yes,9,10,10,1.0,10,100.0,0.0,100.0,0,0
75,https://www.mdmountainside.com/christ-lutheran-church,"Christ Lutheran Church - Allegany County, The Mountain Side of Maryland",0,0,0,0,0,0,0,0,0,0,0,0,0,0,0,0,Yes,3,4,4,1.0,4,100.0,0.0,100.0,0,0
76,https://www.mdmountainside.com/christ-memorial-baptist-church,"Christ Memorial Baptist Church - Allegany County, The Mountain Side of Maryland",0,0,0,0,0,0,0,0,0,0,0,0,0,0,0,0,Yes,1,1,1,1.0,1,100.0,0.0,100.0,0,0
77,https://www.mdmountainside.com/christ-united-methodist-church,"Christ United Methodist Church - Allegany County, The Mountain Side of Maryland",0,0,0,0,0,0,0,0,0,0,0,0,0,0,0,0,Yes,2,2,2,1.0,2,100.0,0.0,100.0,0,0
78,https://www.mdmountainside.com/christmas-city-express-morning-excursion,"Christmas City Express Morning Excursion - Allegany County, The Mountain Side of Maryland",0,0,0,0,0,0,0,0,0,0,0,0,0,0,0,0,Yes,1,1,1,1.0,1,100.0,0.0,100.0,0,0
79,https://www.mdmountainside.com/church-of-jesus-christ-of-latter-day-saints,"Church of Jesus Christ of Latter Day Saints - Allegany County, The Mountain Side of Maryland",0,0,0,0,0,0,0,0,0,0,0,0,0,0,0,0,Yes,3,3,3,1.0,3,100.0,0.0,100.0,0,0
80,https://www.mdmountainside.com/churches,"Find Churches and Places of Worship - Allegany County, The Mountain Side of Maryland",0,0,0,0,0,0,0,0,0,0,0,0,0,0,0,0,Yes,7,8,15,1.88,15,87.5,40.57,53.33,0,0
81,https://www.mdmountainside.com/clatter-coffee,"Clatter Coffee - Allegany County, The Mountain Side of Maryland",0,0,0,0,0,0,0,0,0,0,0,0,0,0,0,0,Yes,39,39,45,1.15,41,87.18,100.67,86.67,0,0
82,https://www.mdmountainside.com/co-canal-national-historical-park-museum,"C&O Canal National Historical Park Museum - Allegany County, The Mountain Side of Maryland",0,0,0,0,0,0,0,0,0,0,0,0,0,0,0,0,Yes,9,9,11,1.22,9,88.89,44.5,81.82,0,0
83,https://www.mdmountainside.com/coffee-with-a-writer-amy-gottfried,Not Found,0,0,0,0,0,0,0,0,0,0,0,0,0,0,0,0,Yes,1,1,1,1.0,1,100.0,0.0,100.0,0,0
84,https://www.mdmountainside.com/community-model-railroad-club,"Community Model Railroad Club - Allegany County, The Mountain Side of Maryland",0,0,0,0,0,0,0,0,0,0,0,0,0,0,0,0,Yes,5,6,6,1.0,6,100.0,0.0,100.0,0,0
85,https://www.mdmountainside.com/coops-bunns,"Coop's Bunns - Allegany County, The Mountain Side of Maryland",0,0,0,0,0,0,0,0,0,0,0,0,0,0,0,0,Yes,22,22,23,1.05,23,95.45,42.0,95.65,0,0
86,https://www.mdmountainside.com/corner-tavern-cafe,"Corner Tavern & Cafe - Allegany County, The Mountain Side of Maryland",0,0,0,0,0,0,0,0,0,0,0,0,0,0,0,0,Yes,13,15,16,1.07,16,93.33,83.0,93.75,0,0
87,https://www.mdmountainside.com/countdown-to-delfest-brunch-with-jason-mcdonald,Not Found,0,0,0,0,0,0,0,0,0,0,0,0,0,0,0,0,Yes,1,1,1,1.0,1,100.0,0.0,100.0,0,0
88,https://www.mdmountainside.com/country-club-mall,"Country Club Mall - Allegany County, The Mountain Side of Maryland",0,0,0,0,0,0,0,0,0,0,0,0,0,0,0,0,Yes,21,21,32,1.52,27,85.71,61.0,65.63,0,0
89,https://www.mdmountainside.com/country-club-mall-cinemas,"Country Club Mall Cinemas - Allegany County, The Mountain Side of Maryland",0,0,0,0,0,0,0,0,0,0,0,0,0,0,0,0,Yes,21,25,30,1.2,28,88.0,102.4,83.33,0,0
90,https://www.mdmountainside.com/crabby-pig,"Crabby Pig - Allegany County, The Mountain Side of Maryland",0,0,0,0,0,0,0,0,0,0,0,0,0,0,0,0,Yes,55,56,67,1.2,60,91.07,199.0,83.58,0,0
91,https://www.mdmountainside.com/cresaptown-united-methodist-church,"Cresaptown United Methodist Church - Allegany County, The Mountain Side of Maryland",0,0,0,0,0,0,0,0,0,0,0,0,0,0,0,0,Yes,2,2,2,1.0,2,100.0,0.0,100.0,0,0
92,https://www.mdmountainside.com/crestmont-ltd,"Crestmont LTD - Allegany County, The Mountain Side of Maryland",0,0,0,0,0,0,0,0,0,0,0,0,0,0,0,0,Yes,6,10,10,1.0,10,100.0,0.0,100.0,0,0
93,https://www.mdmountainside.com/cruisin-main-street,"Cruisin' Main Street - Allegany County, The Mountain Side of Maryland",0,0,0,0,0,0,0,0,0,0,0,0,0,0,0,0,Yes,5,5,6,1.2,6,80.0,158.0,83.33,0,0
94,https://www.mdmountainside.com/cumberland-choral-society-winter-concert,"Cumberland Choral Society Winter Concert - Allegany County, The Mountain Side of Maryland",0,0,0,0,0,0,0,0,0,0,0,0,0,0,0,0,Yes,1,1,1,1.0,1,100.0,0.0,100.0,0,0
95,https://www.mdmountainside.com/cumberland-christmas-tree-lighting-2018,"Cumberland Christmas Tree Lighting 2018 - Allegany County, The Mountain Side of Maryland",0,0,0,0,0,0,0,0,0,0,0,0,0,0,0,0,Yes,3,3,3,1.0,3,100.0,0.0,100.0,0,0
96,https://www.mdmountainside.com/cumberland-cycles,"Cumberland Cycles - Allegany County, The Mountain Side of Maryland",0,0,0,0,0,0,0,0,0,0,0,0,0,0,0,0,Yes,8,8,9,1.13,8,87.5,19.0,88.89,0,0
97,https://www.mdmountainside.com/cumberland-dining,"Cumberland Dining - Allegany County, The Mountain Side of Maryland",0,0,0,0,0,0,0,0,0,0,0,0,0,0,0,0,Yes,2,2,2,1.0,2,100.0,0.0,100.0,0,0
98,https://www.mdmountainside.com/cumberland-grace-brethren-church,"Cumberland Grace Brethren Church - Allegany County, The Mountain Side of Maryland",0,0,0,0,0,0,0,0,0,0,0,0,0,0,0,0,Yes,5,5,6,1.2,6,80.0,33.0,83.33,0,0
99,https://www.mdmountainside.com/cumberland-inn-spa,"Cumberland Inn & Spa - Allegany County, The Mountain Side of Maryland",0,0,0,0,0,0,0,0,0,0,0,0,0,0,0,0,Yes,1,1,1,1.0,1,100.0,0.0,100.0,0,0
100,https://www.mdmountainside.com/cumberland-optical,"Cumberland Optical - Allegany County, The Mountain Side of Maryland",0,0,0,0,0,0,0,0,0,0,0,0,0,0,0,0,Yes,3,3,3,1.0,3,100.0,0.0,100.0,0,0
101,https://www.mdmountainside.com/cumberland-trail-connection-,"Cumberland Trail Connection - Allegany County, The Mountain Side of Maryland",0,0,0,0,0,0,0,0,0,0,0,0,0,0,0,0,Yes,1,1,1,1.0,1,100.0,0.0,100.0,0,0
102,https://www.mdmountainside.com/cumberland-ymca,"Cumberland YMCA - Allegany County, The Mountain Side of Maryland",0,0,0,0,0,0,0,0,0,0,0,0,0,0,0,0,Yes,11,11,16,1.45,13,81.82,66.2,68.75,0,0
103,https://www.mdmountainside.com/curtis-coney-island-famous-weiners,"Curtis' Coney Island Famous Weiners - Allegany County, The Mountain Side of Maryland",0,0,0,0,0,0,0,0,0,0,0,0,0,0,0,0,Yes,42,44,61,1.39,57,84.09,93.29,72.13,0,0
104,https://www.mdmountainside.com/cvs-pharmacy-lavale,"CVS Pharmacy LaVale - Allegany County, The Mountain Side of Maryland",0,0,0,0,0,0,0,0,0,0,0,0,0,0,0,0,Yes,1,1,1,1.0,1,100.0,0.0,100.0,0,0
105,https://www.mdmountainside.com/cycles-things,"Cycles & Things - Allegany County, The Mountain Side of Maryland",0,0,0,0,0,0,0,0,0,0,0,0,0,0,0,0,Yes,3,4,4,1.0,4,100.0,0.0,100.0,0,0
106,https://www.mdmountainside.com/dairy-queen-lavale,"Dairy Queen LaVale - Allegany County, The Mountain Side of Maryland",0,0,0,0,0,0,0,0,0,0,0,0,0,0,0,0,Yes,1,1,1,1.0,1,100.0,0.0,100.0,0,0
107,https://www.mdmountainside.com/dans-mountain-state-park,"Dan's Mountain State Park - Allegany County, The Mountain Side of Maryland",0,0,0,0,0,0,0,0,0,0,0,0,0,0,0,0,Yes,319,352,516,1.47,451,81.25,115.2,68.22,0,0
108,https://www.mdmountainside.com/davincis-pizza,"DaVinci's Pizza - Allegany County, The Mountain Side of Maryland",0,0,0,0,0,0,0,0,0,0,0,0,0,0,0,0,Yes,1,1,1,1.0,1,100.0,0.0,100.0,0,0
109,https://www.mdmountainside.com/davis-memorial-united-methodist-church,"Davis Memorial United Methodist Church - Allegany County, The Mountain Side of Maryland",0,0,0,0,0,0,0,0,0,0,0,0,0,0,0,0,Yes,3,3,3,1.0,3,100.0,0.0,100.0,0,0
110,https://www.mdmountainside.com/dd-pit-n-go-2,"D&D Pit n Go 2 - Allegany County, The Mountain Side of Maryland",0,0,0,0,0,0,0,0,0,0,0,0,0,0,0,0,Yes,4,4,4,1.0,4,100.0,0.0,100.0,0,0
111,https://www.mdmountainside.com/deeper-community-night-of-worship,Not Found,0,0,0,0,0,0,0,0,0,0,0,0,0,0,0,0,Yes,1,1,1,1.0,1,100.0,0.0,100.0,0,0
112,https://www.mdmountainside.com/delfest/resources/gas-stations,"Gas Stations - Allegany County, The Mountain Side of Maryland",0,0,0,0,0,0,0,0,0,0,0,0,0,0,0,0,Yes,1,1,1,1.0,1,100.0,0.0,100.0,0,0
113,https://www.mdmountainside.com/delfest/resources/transportation,"Transportation - Allegany County, The Mountain Side of Maryland",0,0,0,0,0,0,0,0,0,0,0,0,0,0,0,0,Yes,4,4,4,1.0,4,100.0,0.0,100.0,0,0
114,https://www.mdmountainside.com/delgrossos-park-laguna-splash-water-park,"DelGrosso's Park & Laguna Splash Water Park - Allegany County, The Mountain Side of Maryland",0,0,0,0,0,0,0,0,0,0,0,0,0,0,0,0,Yes,5,6,7,1.17,7,83.33,27.0,85.71,0,0
115,https://www.mdmountainside.com/deomonts-muffler-brake,"Deomont's Muffler & Brake - Allegany County, The Mountain Side of Maryland",0,0,0,0,0,0,0,0,0,0,0,0,0,0,0,0,Yes,1,1,1,1.0,1,100.0,0.0,100.0,0,0
116,https://www.mdmountainside.com/derby-day-2019,Not Found,0,0,0,0,0,0,0,0,0,0,0,0,0,0,0,0,Yes,242,305,376,1.23,332,87.21,177.89,81.12,0,0
117,https://www.mdmountainside.com/dig-deep-brewing-co,"Dig Deep Brewing Co. - Allegany County, The Mountain Side of Maryland",0,0,0,0,0,0,0,0,0,0,0,0,0,0,0,0,Yes,18,18,26,1.44,23,88.89,86.38,69.23,0,0
118,https://www.mdmountainside.com/dirty-mae-live-on-the-mccoury-family-stage-2,Not Found,0,0,0,0,0,0,0,0,0,0,0,0,0,0,0,0,Yes,2,3,3,1.0,3,100.0,0.0,100.0,0,0
119,https://www.mdmountainside.com/dominos-pizza-cumberland,"Domino's Pizza Cumberland - Allegany County, The Mountain Side of Maryland",0,0,0,0,0,0,0,0,0,0,0,0,0,0,0,0,Yes,1,1,1,1.0,1,100.0,0.0,100.0,0,0
120,https://www.mdmountainside.com/dragons-on-the-lake-2019,"Dragons on the Lake - Allegany County, The Mountain Side of Maryland",0,0,0,0,0,0,0,0,0,0,0,0,0,0,0,0,Yes,1,2,2,1.0,2,100.0,0.0,100.0,0,0
121,https://www.mdmountainside.com/driftwood-live-on-the-mccoury-family-stage,Not Found,0,0,0,0,0,0,0,0,0,0,0,0,0,0,0,0,Yes,10,10,13,1.3,11,80.0,173.33,76.92,0,0
122,https://www.mdmountainside.com/drive-in-fly-in-3,Not Found,0,0,0,0,0,0,0,0,0,0,0,0,0,0,0,0,Yes,2,2,2,1.0,2,100.0,0.0,100.0,0,0
123,https://www.mdmountainside.com/dubs-at-the-gap,"Dubs at the Gap - Allegany County, The Mountain Side of Maryland",0,0,0,0,0,0,0,0,0,0,0,0,0,0,0,0,Yes,1,1,1,1.0,1,100.0,0.0,100.0,0,0
124,https://www.mdmountainside.com/dubs-at-the-gap-cruise-bbq-at-1812-brewery,"Dubs at the Gap Cruise & BBQ at 1812 Brewery - Allegany County, The Mountain Side of Maryland",0,0,0,0,0,0,0,0,0,0,0,0,0,0,0,0,Yes,1,1,1,1.0,1,100.0,0.0,100.0,0,0
125,https://www.mdmountainside.com/dunhams-sports,"Dunham's Sports - Allegany County, The Mountain Side of Maryland",0,0,0,0,0,0,0,0,0,0,0,0,0,0,0,0,Yes,17,17,20,1.18,18,94.12,11.33,85.0,0,0
126,https://www.mdmountainside.com/early-rise-flies,"Early Rise Flies - Allegany County, The Mountain Side of Maryland",0,0,0,0,0,0,0,0,0,0,0,0,0,0,0,0,Yes,27,27,43,1.59,39,85.19,36.19,62.79,0,0
127,https://www.mdmountainside.com/el-jinete-restaurant,"El Jinete Restaurant - Allegany County, The Mountain Side of Maryland",0,0,0,0,0,0,0,0,0,0,0,0,0,0,0,0,Yes,3,3,3,1.0,3,100.0,0.0,100.0,0,0
128,https://www.mdmountainside.com/elements-wellness-spa,"Elements Wellness Spa - Allegany County, The Mountain Side of Maryland",0,0,0,0,0,0,0,0,0,0,0,0,0,0,0,0,Yes,2,2,2,1.0,2,100.0,0.0,100.0,0,0
129,https://www.mdmountainside.com/ellies-deli,"Ellie's Deli - Allegany County, The Mountain Side of Maryland",0,0,0,0,0,0,0,0,0,0,0,0,0,0,0,0,Yes,30,31,40,1.29,37,90.32,69.67,77.5,0,0
130,https://www.mdmountainside.com/emmanuel-episcopal-church-tunnel-tours,"Emmanuel Episcopal Church Tunnel Tours - Allegany County, The Mountain Side of Maryland",0,0,0,0,0,0,0,0,0,0,0,0,0,0,0,0,Yes,15,20,22,1.1,21,90.0,46.5,90.91,0,0
131,https://www.mdmountainside.com/event/jul-2012-national_roller_hockey_championship,Not Found,0,0,0,0,0,0,0,0,0,0,0,0,0,0,0,0,Yes,1,1,1,1.0,1,100.0,0.0,100.0,0,0
132,https://www.mdmountainside.com/event/sep-2012-sean_keane,Not Found,0,0,0,0,0,0,0,0,0,0,0,0,0,0,0,0,Yes,1,1,1,1.0,1,100.0,0.0,100.0,0,0
133,https://www.mdmountainside.com/evergreen-herb-expo,Not Found,0,0,0,0,0,0,0,0,0,0,0,0,0,0,0,0,Yes,1,1,1,1.0,1,100.0,0.0,100.0,0,0
134,https://www.mdmountainside.com/ex2-adventure-race,"EX2 Adventure Race - Allegany County, The Mountain Side of Maryland",0,0,0,0,0,0,0,0,0,0,0,0,0,0,0,0,Yes,1,1,1,1.0,1,100.0,0.0,100.0,0,0
135,https://www.mdmountainside.com/exit-strategy-escape-room,"Exit Strategy Escape Room - Allegany County, The Mountain Side of Maryland",0,0,0,0,0,0,0,0,0,0,0,0,0,0,0,0,Yes,3,3,3,1.0,3,100.0,0.0,100.0,0,0
136,https://www.mdmountainside.com/f-brooke-whiting-house-collection,"F. Brooke Whiting House & Collection - Allegany County, The Mountain Side of Maryland",0,0,0,0,0,0,0,0,0,0,0,0,0,0,0,0,Yes,1,1,1,1.0,1,100.0,0.0,100.0,0,0
137,https://www.mdmountainside.com/fairgrounds-boat-access,"Fairgrounds Boat Access - Allegany County, The Mountain Side of Maryland",0,0,0,0,0,0,0,0,0,0,0,0,0,0,0,0,Yes,4,7,7,1.0,7,100.0,0.0,100.0,0,0
138,https://www.mdmountainside.com/farmers-markets,"Farmers Markets - Allegany County, The Mountain Side of Maryland",0,0,0,0,0,0,0,0,0,0,0,0,0,0,0,0,Yes,145,178,241,1.35,221,84.27,108.27,73.86,0,0
139,https://www.mdmountainside.com/fat-pig,"Fat Pig - Allegany County, The Mountain Side of Maryland",0,0,0,0,0,0,0,0,0,0,0,0,0,0,0,0,Yes,2,2,2,1.0,2,100.0,0.0,100.0,0,0
140,https://www.mdmountainside.com/fatboys-pizza-shack,"Fatboy's Pizza Shack - Allegany County, The Mountain Side of Maryland",0,0,0,0,0,0,0,0,0,0,0,0,0,0,0,0,Yes,25,26,26,1.0,26,100.0,0.0,100.0,0,0
141,https://www.mdmountainside.com/femina-in-toto-a-compilation-of-design-by-women,"FEMINA IN TOTO A compilation of Design By Women - Allegany County, The Mountain Side of Maryland",0,0,0,0,0,0,0,0,0,0,0,0,0,0,0,0,Yes,1,1,1,1.0,1,100.0,0.0,100.0,0,0
142,https://www.mdmountainside.com/fifteen-mile-creek-boat-access,"Fifteen Mile Creek Boat Access - Allegany County, The Mountain Side of Maryland",0,0,0,0,0,0,0,0,0,0,0,0,0,0,0,0,Yes,11,13,15,1.15,14,92.31,25.0,86.67,0,0
143,https://www.mdmountainside.com/first-annual-mountain-maryland-trail-fest,"First Annual Mountain Maryland Trail Fest - Allegany County, The Mountain Side of Maryland",0,0,0,0,0,0,0,0,0,0,0,0,0,0,0,0,Yes,2,2,2,1.0,2,100.0,0.0,100.0,0,0
144,https://www.mdmountainside.com/first-church-of-the-nazarene,"First Church of the Nazarene - Allegany County, The Mountain Side of Maryland",0,0,0,0,0,0,0,0,0,0,0,0,0,0,0,0,Yes,1,1,1,1.0,1,100.0,0.0,100.0,0,0
145,https://www.mdmountainside.com/first-congregational-church-of-frostburg,"First Congregational Church of Frostburg - Allegany County, The Mountain Side of Maryland",0,0,0,0,0,0,0,0,0,0,0,0,0,0,0,0,Yes,2,2,2,1.0,2,100.0,0.0,100.0,0,0
146,https://www.mdmountainside.com/first-peoples-community-federal-credit-union-cresaptown,"First Peoples Community Federal Credit Union - Cresaptown - Allegany County, The Mountain Side of Maryland",0,0,0,0,0,0,0,0,0,0,0,0,0,0,0,0,Yes,1,1,1,1.0,1,100.0,0.0,100.0,0,0
147,https://www.mdmountainside.com/first-peoples-community-federal-credit-union-industrial-blvd,"First Peoples Community Federal Credit Union - Industrial Blvd - Allegany County, The Mountain Side of Maryland",0,0,0,0,0,0,0,0,0,0,0,0,0,0,0,0,Yes,25,26,35,1.35,31,84.62,38.11,74.29,0,0
148,https://www.mdmountainside.com/first-presbyterian-church-of-frostburg,"First Presbyterian Church of Frostburg - Allegany County, The Mountain Side of Maryland",0,0,0,0,0,0,0,0,0,0,0,0,0,0,0,0,Yes,4,4,4,1.0,4,100.0,0.0,100.0,0,0
149,https://www.mdmountainside.com/first-united-bank-trust,"First United Bank & Trust - Allegany County, The Mountain Side of Maryland",0,0,0,0,0,0,0,0,0,0,0,0,0,0,0,0,Yes,1,1,1,1.0,1,100.0,0.0,100.0,0,0
150,https://www.mdmountainside.com/fishers-body-shop,"Fisher's Body Shop - Allegany County, The Mountain Side of Maryland",0,0,0,0,0,0,0,0,0,0,0,0,0,0,0,0,Yes,2,2,2,1.0,2,100.0,0.0,100.0,0,0
151,https://www.mdmountainside.com/flower-and-plant-sale-in-downtown-cumberland,Not Found,0,0,0,0,0,0,0,0,0,0,0,0,0,0,0,0,Yes,7,7,7,1.0,7,100.0,0.0,100.0,0,0
152,https://www.mdmountainside.com/flowerland,"Flowerland - Allegany County, The Mountain Side of Maryland",0,0,0,0,0,0,0,0,0,0,0,0,0,0,0,0,Yes,1,1,1,1.0,1,100.0,0.0,100.0,0,0
153,https://www.mdmountainside.com/fore-sisters-golf-course,"Fore Sisters Golf Course - Allegany County, The Mountain Side of Maryland",0,0,0,0,0,0,0,0,0,0,0,0,0,0,0,0,Yes,10,11,11,1.0,11,100.0,0.0,100.0,0,0
154,https://www.mdmountainside.com/four-t-herb-shoppe,"Four T-Herb Shoppe - Allegany County, The Mountain Side of Maryland",0,0,0,0,0,0,0,0,0,0,0,0,0,0,0,0,Yes,12,12,16,1.33,14,83.33,28.75,75.0,0,0
155,https://www.mdmountainside.com/fred-n-josh-plus-chef-pauls-kitchen-at-1812-brewery,Not Found,0,0,0,0,0,0,0,0,0,0,0,0,0,0,0,0,Yes,1,1,1,1.0,1,100.0,0.0,100.0,0,0
156,https://www.mdmountainside.com/fred-n-josh-plus-klavuhn-wood-fired-concessions-at-1812-brewery,Not Found,0,0,0,0,0,0,0,0,0,0,0,0,0,0,0,0,Yes,1,1,1,1.0,1,100.0,0.0,100.0,0,0
157,https://www.mdmountainside.com/friendship-haven-church,"Friendship Haven Church - Allegany County, The Mountain Side of Maryland",0,0,0,0,0,0,0,0,0,0,0,0,0,0,0,0,Yes,5,6,8,1.33,7,83.33,14.0,75.0,0,0
158,https://www.mdmountainside.com/frostburg-candlelight-tour-2018,"Frostburg Candlelight Tour of Homes - Allegany County, The Mountain Side of Maryland",0,0,0,0,0,0,0,0,0,0,0,0,0,0,0,0,Yes,1,1,1,1.0,1,100.0,0.0,100.0,0,0
159,https://www.mdmountainside.com/frostburg-flyer2,"Frostburg Flyer - Allegany County, The Mountain Side of Maryland",0,0,0,0,0,0,0,0,0,0,0,0,0,0,0,0,Yes,1,1,1,1.0,1,100.0,0.0,100.0,0,0
160,https://www.mdmountainside.com/frostburg-flyer23,"Frostburg Flyer - Allegany County, The Mountain Side of Maryland",0,0,0,0,0,0,0,0,0,0,0,0,0,0,0,0,Yes,6,7,10,1.43,10,85.71,94.0,70.0,0,0
161,https://www.mdmountainside.com/frostburg-freeze,"Frostburg Freeze - Allegany County, The Mountain Side of Maryland",0,0,0,0,0,0,0,0,0,0,0,0,0,0,0,0,Yes,21,21,24,1.14,23,90.48,33.0,87.5,0,0
162,https://www.mdmountainside.com/frostburg-inn,"Frostburg Inn - Allegany County, The Mountain Side of Maryland",0,0,0,0,0,0,0,0,0,0,0,0,0,0,0,0,Yes,1,1,1,1.0,1,100.0,0.0,100.0,0,0
163,https://www.mdmountainside.com/frostburg-medical-center,"Frostburg Medical Center - Allegany County, The Mountain Side of Maryland",0,0,0,0,0,0,0,0,0,0,0,0,0,0,0,0,Yes,2,2,2,1.0,2,100.0,0.0,100.0,0,0
164,https://www.mdmountainside.com/frostburg-museum,"Frostburg Museum - Allegany County, The Mountain Side of Maryland",0,0,0,0,0,0,0,0,0,0,0,0,0,0,0,0,Yes,3,3,3,1.0,3,100.0,0.0,100.0,0,0
165,https://www.mdmountainside.com/frostburg-tree-lighting-ceremony,"Frostburg Tree Lighting Ceremony - Allegany County, The Mountain Side of Maryland",0,0,0,0,0,0,0,0,0,0,0,0,0,0,0,0,Yes,1,1,1,1.0,1,100.0,0.0,100.0,0,0
166,https://www.mdmountainside.com/frostburg-vision-center,"Frostburg Vision Center - Allegany County, The Mountain Side of Maryland",0,0,0,0,0,0,0,0,0,0,0,0,0,0,0,0,Yes,8,8,9,1.13,8,87.5,65.0,88.89,0,0
167,https://www.mdmountainside.com/frostburg-wines-train-featuring-toasted-goat-winery,"Frostburg Wines Train featuring Toasted Goat Winery - Allegany County, The Mountain Side of Maryland",0,0,0,0,0,0,0,0,0,0,0,0,0,0,0,0,Yes,2,2,2,1.0,2,100.0,0.0,100.0,0,0
168,https://www.mdmountainside.com/frostoberfest-2018,"Frostoberfest 2018 - Allegany County, The Mountain Side of Maryland",0,0,0,0,0,0,0,0,0,0,0,0,0,0,0,0,Yes,1,1,1,1.0,1,100.0,0.0,100.0,0,0
169,https://www.mdmountainside.com/fruit-bowl2,"Fruit Bowl - Allegany County, The Mountain Side of Maryland",0,0,0,0,0,0,0,0,0,0,0,0,0,0,0,0,Yes,77,88,100,1.14,94,89.77,188.67,88.0,0,0
170,https://www.mdmountainside.com/fsu-bookstore,"FSU Bookstore - Allegany County, The Mountain Side of Maryland",0,0,0,0,0,0,0,0,0,0,0,0,0,0,0,0,Yes,8,8,10,1.25,9,87.5,19.5,80.0,0,0
171,https://www.mdmountainside.com/fsu-center-for-literary-arts,"FSU Center for Literary Arts - Allegany County, The Mountain Side of Maryland",0,0,0,0,0,0,0,0,0,0,0,0,0,0,0,0,Yes,2,2,2,1.0,2,100.0,0.0,100.0,0,0
172,https://www.mdmountainside.com/fsu-planetarium-,"FSU Planetarium - Allegany County, The Mountain Side of Maryland",0,0,0,0,0,0,0,0,0,0,0,0,0,0,0,0,Yes,7,7,8,1.14,7,85.71,27.0,87.5,0,0
173,https://www.mdmountainside.com/fsu-stephanie-ann-roper-gallery,"FSU Stephanie Ann Roper Gallery - Allegany County, The Mountain Side of Maryland",0,0,0,0,0,0,0,0,0,0,0,0,0,0,0,0,Yes,2,3,3,1.0,3,100.0,0.0,100.0,0,0
174,https://www.mdmountainside.com/gabriel-brothers-gabes,"Gabriel Brothers (Gabes) - Allegany County, The Mountain Side of Maryland",0,0,0,0,0,0,0,0,0,0,0,0,0,0,0,0,Yes,90,95,98,1.03,95,96.84,51.33,96.94,0,0
175,https://www.mdmountainside.com/gellar-drapkin-and-jazz-at-toasted-goat-winery,"Gellar, Drapkin and Jazz at Toasted Goat Winery - Allegany County, The Mountain Side of Maryland",0,0,0,0,0,0,0,0,0,0,0,0,0,0,0,0,Yes,1,1,1,1.0,1,100.0,0.0,100.0,0,0
176,https://www.mdmountainside.com/general-art-store-star-gallery,"General Art Store & Star Gallery - Allegany County, The Mountain Side of Maryland",0,0,0,0,0,0,0,0,0,0,0,0,0,0,0,0,Yes,6,6,8,1.33,7,83.33,64.0,75.0,0,0
177,https://www.mdmountainside.com/george-washingtons-whiskey-rebellion-fest,Not Found,0,0,0,0,0,0,0,0,0,0,0,0,0,0,0,0,Yes,5,7,16,2.29,14,85.71,42.78,43.75,0,0
178,https://www.mdmountainside.com/gg-tire,"G&G Tire - Allegany County, The Mountain Side of Maryland",0,0,0,0,0,0,0,0,0,0,0,0,0,0,0,0,Yes,1,1,1,1.0,1,100.0,0.0,100.0,0,0
179,https://www.mdmountainside.com/ghost-tour-of-historic-cumberland,"Ghost Tour of Historic Cumberland - Allegany County, The Mountain Side of Maryland",0,0,0,0,0,0,0,0,0,0,0,0,0,0,0,0,Yes,38,39,57,1.46,51,82.05,184.06,68.42,0,0
180,https://www.mdmountainside.com/ghouley-pub-crawl,"Ghouley Pub Crawl - Allegany County, The Mountain Side of Maryland",0,0,0,0,0,0,0,0,0,0,0,0,0,0,0,0,Yes,3,3,3,1.0,3,100.0,0.0,100.0,0,0
181,https://www.mdmountainside.com/giannis-pizza-wings-cumberland,"Gianni's Pizza & Wings Cumberland - Allegany County, The Mountain Side of Maryland",0,0,0,0,0,0,0,0,0,0,0,0,0,0,0,0,Yes,2,2,2,1.0,2,100.0,0.0,100.0,0,0
182,https://www.mdmountainside.com/giannis-pizza-wings-frostburg,"Gianni's Pizza & Wings Frostburg - Allegany County, The Mountain Side of Maryland",0,0,0,0,0,0,0,0,0,0,0,0,0,0,0,0,Yes,2,2,2,1.0,2,100.0,0.0,100.0,0,0
183,https://www.mdmountainside.com/gilchrist-gardens-gala,"Gilchrist Gardens Gala - Allegany County, The Mountain Side of Maryland",0,0,0,0,0,0,0,0,0,0,0,0,0,0,0,0,Yes,16,17,23,1.35,23,82.35,79.5,73.91,0,0
184,https://www.mdmountainside.com/giuseppes,"Giuseppe's - Allegany County, The Mountain Side of Maryland",0,0,0,0,0,0,0,0,0,0,0,0,0,0,0,0,Yes,4,4,4,1.0,4,100.0,0.0,100.0,0,0
185,https://www.mdmountainside.com/global-truck-outfitters,"Global Truck Outfitters - Allegany County, The Mountain Side of Maryland",0,0,0,0,0,0,0,0,0,0,0,0,0,0,0,0,Yes,52,56,64,1.14,59,91.07,134.75,87.5,0,0
186,https://www.mdmountainside.com/gods-ark-of-safety-church,"God's Ark of Safety Church - Allegany County, The Mountain Side of Maryland",0,0,0,0,0,0,0,0,0,0,0,0,0,0,0,0,Yes,1,1,1,1.0,1,100.0,0.0,100.0,0,0
187,https://www.mdmountainside.com/gonzaga-health-center,"Gonzaga Health Center - Allegany County, The Mountain Side of Maryland",0,0,0,0,0,0,0,0,0,0,0,0,0,0,0,0,Yes,21,23,27,1.17,24,86.96,98.5,85.19,0,0
188,https://www.mdmountainside.com/goodwill-store--lavale,"Goodwill Store - LaVale - Allegany County, The Mountain Side of Maryland",0,0,0,0,0,0,0,0,0,0,0,0,0,0,0,0,Yes,2,3,3,1.0,3,100.0,0.0,100.0,0,0
189,https://www.mdmountainside.com/gostomskis-gunsmith-service,"Gostomski's Gunsmith Service - Allegany County, The Mountain Side of Maryland",0,0,0,0,0,0,0,0,0,0,0,0,0,0,0,0,Yes,1,1,1,1.0,1,100.0,0.0,100.0,0,0
190,https://www.mdmountainside.com/grace-memorial-community-church,"Grace Memorial Community Church - Allegany County, The Mountain Side of Maryland",0,0,0,0,0,0,0,0,0,0,0,0,0,0,0,0,Yes,3,3,3,1.0,3,100.0,0.0,100.0,0,0
191,https://www.mdmountainside.com/great-allegheny-passage,"Great Allegheny Passage - Allegany County, The Mountain Side of Maryland",0,0,0,0,0,0,0,0,0,0,0,0,0,0,0,0,Yes,21,22,28,1.27,26,81.82,26.17,78.57,0,0
192,https://www.mdmountainside.com/grocery-and-convenience-stores,"Grocery Shopping and Convenience Stores - Allegany County, The Mountain Side of Maryland",0,0,0,0,0,0,0,0,0,0,0,0,0,0,0,0,Yes,1,1,1,1.0,1,100.0,0.0,100.0,0,0
193,https://www.mdmountainside.com/halloween-at-evergreen-barn-dance,"Halloween at Evergreen: Barn Dance - Allegany County, The Mountain Side of Maryland",0,0,0,0,0,0,0,0,0,0,0,0,0,0,0,0,Yes,1,1,1,1.0,1,100.0,0.0,100.0,0,0
194,https://www.mdmountainside.com/handmade-holiday-fair-2018,"Handmade Holiday Fair 2018 - Allegany County, The Mountain Side of Maryland",0,0,0,0,0,0,0,0,0,0,0,0,0,0,0,0,Yes,1,1,1,1.0,1,100.0,0.0,100.0,0,0
195,https://www.mdmountainside.com/harrigans-restaurant-and-lounge,"Harrigan's Restaurant and Lounge - Allegany County, The Mountain Side of Maryland",0,0,0,0,0,0,0,0,0,0,0,0,0,0,0,0,Yes,3,3,3,1.0,3,100.0,0.0,100.0,0,0
196,https://www.mdmountainside.com/harry-trayhnam-and-alhambra-at-1812-brewery,"Harry Trayhnam and Alhambra at 1812 Brewery - Allegany County, The Mountain Side of Maryland",0,0,0,0,0,0,0,0,0,0,0,0,0,0,0,0,Yes,2,2,2,1.0,2,100.0,0.0,100.0,0,0
197,https://www.mdmountainside.com/hartleys-pizza,"Hartley's Pizza - Allegany County, The Mountain Side of Maryland",0,0,0,0,0,0,0,0,0,0,0,0,0,0,0,0,Yes,4,4,4,1.0,4,100.0,0.0,100.0,0,0
198,https://www.mdmountainside.com/harveys-florist-greenhouses-inc,"Harvey's Florist & Greenhouses, Inc. - Allegany County, The Mountain Side of Maryland",0,0,0,0,0,0,0,0,0,0,0,0,0,0,0,0,Yes,1,1,1,1.0,1,100.0,0.0,100.0,0,0
199,https://www.mdmountainside.com/health-matters-urgent-care,"Health Matters Urgent Care - Allegany County, The Mountain Side of Maryland",0,0,0,0,0,0,0,0,0,0,0,0,0,0,0,0,Yes,3,3,3,1.0,3,100.0,0.0,100.0,0,0
200,https://www.mdmountainside.com/hennys-grill-bar,"Henny's Grill & Bar - Allegany County, The Mountain Side of Maryland",0,0,0,0,0,0,0,0,0,0,0,0,0,0,0,0,Yes,6,7,12,1.71,12,85.71,142.0,58.33,0,0
201,https://www.mdmountainside.com/highland-baptist-church,"Highland Baptist Church - Allegany County, The Mountain Side of Maryland",0,0,0,0,0,0,0,0,0,0,0,0,0,0,0,0,Yes,1,1,1,1.0,1,100.0,0.0,100.0,0,0
202,https://www.mdmountainside.com/highland-harley-davidson-shop,"Highland Harley-Davidson Shop - Allegany County, The Mountain Side of Maryland",0,0,0,0,0,0,0,0,0,0,0,0,0,0,0,0,Yes,1,1,1,1.0,1,100.0,0.0,100.0,0,0
203,https://www.mdmountainside.com/hobbies-plus,"Hobbies Plus - Allegany County, The Mountain Side of Maryland",0,0,0,0,0,0,0,0,0,0,0,0,0,0,0,0,Yes,5,5,5,1.0,5,100.0,0.0,100.0,0,0
204,https://www.mdmountainside.com/hotel-gunter,"Hotel Gunter - Allegany County, The Mountain Side of Maryland",0,0,0,0,0,0,0,0,0,0,0,0,0,0,0,0,Yes,41,43,69,1.6,61,81.4,92.35,62.32,0,0
205,https://www.mdmountainside.com/hummingbird-cafe,"Hummingbird Cafe - Allegany County, The Mountain Side of Maryland",0,0,0,0,0,0,0,0,0,0,0,0,0,0,0,0,Yes,10,11,12,1.09,12,90.91,9.0,91.67,0,0
206,https://www.mdmountainside.com/hurry-back-tavern-,"Hurry Back Tavern - Allegany County, The Mountain Side of Maryland",0,0,0,0,0,0,0,0,0,0,0,0,0,0,0,0,Yes,1,1,1,1.0,1,100.0,0.0,100.0,0,0
207,https://www.mdmountainside.com/hush-skin-care-mountain-massage-wellness-spa,"Hush Skin Care & Mountain Massage Wellness Spa - Allegany County, The Mountain Side of Maryland",0,0,0,0,0,0,0,0,0,0,0,0,0,0,0,0,Yes,28,30,33,1.1,32,90.0,173.67,90.91,0,0
208,https://www.mdmountainside.com/j-j-bait-llc,"J & J Bait LLC - Allegany County, The Mountain Side of Maryland",0,0,0,0,0,0,0,0,0,0,0,0,0,0,0,0,Yes,21,21,26,1.24,24,85.71,69.6,80.77,0,0
209,https://www.mdmountainside.com/j-rs-custom-screenprint-embroidery,"J-R's Custom Screenprint & Embroidery - Allegany County, The Mountain Side of Maryland",0,0,0,0,0,0,0,0,0,0,0,0,0,0,0,0,Yes,40,42,58,1.38,49,83.33,128.25,72.41,0,0
210,https://www.mdmountainside.com/janice-ray-and-roc-plus-sob-bbq-at-1812-brewery,"Janice Ray & Roc Plus SOB BBQ at 1812 Brewery - Allegany County, The Mountain Side of Maryland",0,0,0,0,0,0,0,0,0,0,0,0,0,0,0,0,Yes,5,6,6,1.0,6,100.0,0.0,100.0,0,0
211,https://www.mdmountainside.com/jay-dewire-piano,Not Found,0,0,0,0,0,0,0,0,0,0,0,0,0,0,0,0,Yes,1,1,1,1.0,1,100.0,0.0,100.0,0,0
212,https://www.mdmountainside.com/jb-farms,"J&B Farms - Allegany County, The Mountain Side of Maryland",0,0,0,0,0,0,0,0,0,0,0,0,0,0,0,0,Yes,38,64,76,1.19,68,85.94,323.0,84.21,0,0
213,https://www.mdmountainside.com/jenkins-collision-center,"Jenkins Collision Center - Allegany County, The Mountain Side of Maryland",0,0,0,0,0,0,0,0,0,0,0,0,0,0,0,0,Yes,1,1,1,1.0,1,100.0,0.0,100.0,0,0
214,https://www.mdmountainside.com/jins-asian-cuisine,"Jin's Asian Cuisine - Allegany County, The Mountain Side of Maryland",0,0,0,0,0,0,0,0,0,0,0,0,0,0,0,0,Yes,2,2,2,1.0,2,100.0,0.0,100.0,0,0
215,https://www.mdmountainside.com/jo-ann-fabrics-and-craft-store,"Jo-Ann Fabrics and Craft Store - Allegany County, The Mountain Side of Maryland",0,0,0,0,0,0,0,0,0,0,0,0,0,0,0,0,Yes,3,3,3,1.0,3,100.0,0.0,100.0,0,0
216,https://www.mdmountainside.com/joes-viaduct-restaurant,"Joe's Viaduct Restaurant - Allegany County, The Mountain Side of Maryland",0,0,0,0,0,0,0,0,0,0,0,0,0,0,0,0,Yes,11,12,13,1.08,13,91.67,33.0,92.31,0,0
217,https://www.mdmountainside.com/jolly-roger-discount-liquors,"Jolly Roger Discount Liquors - Allegany County, The Mountain Side of Maryland",0,0,0,0,0,0,0,0,0,0,0,0,0,0,0,0,Yes,1,1,1,1.0,1,100.0,0.0,100.0,0,0
218,https://www.mdmountainside.com/kebbies-diaper-bag,"Kebbie's Diaper Bag - Allegany County, The Mountain Side of Maryland",0,0,0,0,0,0,0,0,0,0,0,0,0,0,0,0,Yes,5,5,5,1.0,5,100.0,0.0,100.0,0,0
219,https://www.mdmountainside.com/kids-kingdom,"Kids' Kingdom - Allegany County, The Mountain Side of Maryland",0,0,0,0,0,0,0,0,0,0,0,0,0,0,0,0,Yes,41,44,53,1.2,48,84.09,240.44,83.02,0,0
220,https://www.mdmountainside.com/kix-and-great-white-live,Not Found,0,0,0,0,0,0,0,0,0,0,0,0,0,0,0,0,Yes,1,1,1,1.0,1,100.0,0.0,100.0,0,0
221,https://www.mdmountainside.com/knieriem-tires,"Knieriem Tires - Allegany County, The Mountain Side of Maryland",0,0,0,0,0,0,0,0,0,0,0,0,0,0,0,0,Yes,1,1,1,1.0,1,100.0,0.0,100.0,0,0
222,https://www.mdmountainside.com/lambda-car-club-international-grand-invitational,Not Found,0,0,0,0,0,0,0,0,0,0,0,0,0,0,0,0,Yes,19,21,24,1.14,22,95.24,642.0,87.5,0,0
223,https://www.mdmountainside.com/lanco-in-concert,Not Found,0,0,0,0,0,0,0,0,0,0,0,0,0,0,0,0,Yes,5,5,7,1.4,6,80.0,21.0,71.43,0,0
224,https://www.mdmountainside.com/lashbaughs-bar-grill,Not Found,0,0,0,0,0,0,0,0,0,0,0,0,0,0,0,0,Yes,2,2,2,1.0,2,100.0,0.0,100.0,0,0
225,https://www.mdmountainside.com/lavale-farmers-market,"LaVale Farmers Market - Allegany County, The Mountain Side of Maryland",0,0,0,0,0,0,0,0,0,0,0,0,0,0,0,0,Yes,40,43,55,1.28,49,88.37,53.25,78.18,0,0
226,https://www.mdmountainside.com/lavale-veterinary-hospital,"LaVale Veterinary Hospital - Allegany County, The Mountain Side of Maryland",0,0,0,0,0,0,0,0,0,0,0,0,0,0,0,0,Yes,16,18,22,1.22,20,94.44,22.0,81.82,0,0
227,https://www.mdmountainside.com/leaning-pine-farm,"Leaning Pine Farm - Allegany County, The Mountain Side of Maryland",0,0,0,0,0,0,0,0,0,0,0,0,0,0,0,0,Yes,1,1,1,1.0,1,100.0,0.0,100.0,0,0
228,https://www.mdmountainside.com/lefty-grove-memorial-park-dedication,Not Found,0,0,0,0,0,0,0,0,0,0,0,0,0,0,0,0,Yes,19,20,24,1.2,22,90.0,52.0,83.33,0,0
229,https://www.mdmountainside.com/lennox-east,"Lennox East - Allegany County, The Mountain Side of Maryland",0,0,0,0,0,0,0,0,0,0,0,0,0,0,0,0,Yes,5,5,5,1.0,5,100.0,0.0,100.0,0,0
230,https://www.mdmountainside.com/lennys-leathers,"Lenny's Leathers - Allegany County, The Mountain Side of Maryland",0,0,0,0,0,0,0,0,0,0,0,0,0,0,0,0,Yes,11,11,14,1.27,11,81.82,71.0,78.57,0,0
231,https://www.mdmountainside.com/lew-lew-belle-boutique,"Lew Lew Belle Boutique - Allegany County, The Mountain Side of Maryland",0,0,0,0,0,0,0,0,0,0,0,0,0,0,0,0,Yes,7,7,8,1.14,8,85.71,6.0,87.5,0,0
232,https://www.mdmountainside.com/lgs-pizzeria-and-pub,"LG's Pizzeria and Pub - Allegany County, The Mountain Side of Maryland",0,0,0,0,0,0,0,0,0,0,0,0,0,0,0,0,Yes,30,30,38,1.27,34,83.33,23.13,78.95,0,0
233,https://www.mdmountainside.com/lifetime-eyecare-center,"Lifetime Eyecare Center - Allegany County, The Mountain Side of Maryland",0,0,0,0,0,0,0,0,0,0,0,0,0,0,0,0,Yes,1,1,1,1.0,1,100.0,0.0,100.0,0,0
234,https://www.mdmountainside.com/lighthouse-christian-academy-and-daycare,"Lighthouse Christian Academy and Daycare - Allegany County, The Mountain Side of Maryland",0,0,0,0,0,0,0,0,0,0,0,0,0,0,0,0,Yes,8,8,8,1.0,8,100.0,0.0,100.0,0,0
235,https://www.mdmountainside.com/lighthouse-of-hope-church,"Lighthouse of Hope Church - Allegany County, The Mountain Side of Maryland",0,0,0,0,0,0,0,0,0,0,0,0,0,0,0,0,Yes,4,5,6,1.2,5,80.0,23.0,83.33,0,0
236,https://www.mdmountainside.com/lil-corner-market,"Lil Corner Market - Allegany County, The Mountain Side of Maryland",0,0,0,0,0,0,0,0,0,0,0,0,0,0,0,0,Yes,3,4,4,1.0,4,100.0,0.0,100.0,0,0
237,https://www.mdmountainside.com/little-orleans-campground-park-area,"Little Orleans Campground & Park Area - Allegany County, The Mountain Side of Maryland",0,0,0,0,0,0,0,0,0,0,0,0,0,0,0,0,Yes,2,2,2,1.0,2,100.0,0.0,100.0,0,0
238,https://www.mdmountainside.com/little-orleans-lodge,"Little Orleans Lodge - Allegany County, The Mountain Side of Maryland",0,0,0,0,0,0,0,0,0,0,0,0,0,0,0,0,Yes,5,5,9,1.8,8,80.0,652.5,55.56,0,0
239,https://www.mdmountainside.com/livvys-soft-serve,"Livvy's Soft Serve - Allegany County, The Mountain Side of Maryland",0,0,0,0,0,0,0,0,0,0,0,0,0,0,0,0,Yes,14,14,15,1.07,15,92.86,102.0,93.33,0,0
240,https://www.mdmountainside.com/lonaconing-fireworks-presented-by-dhs-productions,Not Found,0,0,0,0,0,0,0,0,0,0,0,0,0,0,0,0,Yes,109,141,162,1.15,150,90.78,98.14,87.04,0,0
241,https://www.mdmountainside.com/lonaconing-iron-furnace-and-park-,"Lonaconing Iron Furnace and Park - Allegany County, The Mountain Side of Maryland",0,0,0,0,0,0,0,0,0,0,0,0,0,0,0,0,Yes,47,50,64,1.28,58,92.0,118.36,78.13,0,0
242,https://www.mdmountainside.com/maddcatt-vapors,"MaddCatt Vapors - Allegany County, The Mountain Side of Maryland",0,0,0,0,0,0,0,0,0,0,0,0,0,0,0,0,Yes,2,2,2,1.0,2,100.0,0.0,100.0,0,0
243,https://www.mdmountainside.com/main-street-books,"Main Street Books - Allegany County, The Mountain Side of Maryland",0,0,0,0,0,0,0,0,0,0,0,0,0,0,0,0,Yes,2,2,2,1.0,2,100.0,0.0,100.0,0,0
244,https://www.mdmountainside.com/main-street-pub,"Main Street Pub - Allegany County, The Mountain Side of Maryland",0,0,0,0,0,0,0,0,0,0,0,0,0,0,0,0,Yes,5,5,5,1.0,5,100.0,0.0,100.0,0,0
245,https://www.mdmountainside.com/making-strides-against-breast-cancer-of-western-maryland,"Making Strides Against Breast Cancer of Western Maryland - Allegany County, The Mountain Side of Maryland",0,0,0,0,0,0,0,0,0,0,0,0,0,0,0,0,Yes,5,5,5,1.0,5,100.0,0.0,100.0,0,0
246,https://www.mdmountainside.com/manhattan-centre-golf-gallery,"Manhattan Centre Golf & Gallery - Allegany County, The Mountain Side of Maryland",0,0,0,0,0,0,0,0,0,0,0,0,0,0,0,0,Yes,34,35,42,1.2,38,91.43,151.71,83.33,0,0
247,https://www.mdmountainside.com/maplehurst-country-club,Not Found,0,0,0,0,0,0,0,0,0,0,0,0,0,0,0,0,Yes,3,3,3,1.0,3,100.0,0.0,100.0,0,0
248,https://www.mdmountainside.com/mark-gallagher-clarinet,Not Found,0,0,0,0,0,0,0,0,0,0,0,0,0,0,0,0,Yes,1,1,1,1.0,1,100.0,0.0,100.0,0,0
249,https://www.mdmountainside.com/martins-food-market,"Martins Food Market - Cumberland - Allegany County, The Mountain Side of Maryland",0,0,0,0,0,0,0,0,0,0,0,0,0,0,0,0,Yes,5,5,6,1.2,5,80.0,24.0,83.33,0,0
250,https://www.mdmountainside.com/martins-food-market-lavale,"Martins Food Market - LaVale - Allegany County, The Mountain Side of Maryland",0,0,0,0,0,0,0,0,0,0,0,0,0,0,0,0,Yes,2,2,2,1.0,2,100.0,0.0,100.0,0,0
251,https://www.mdmountainside.com/maryland-discount-beverage-center,"Maryland Discount Beverage Center - Allegany County, The Mountain Side of Maryland",0,0,0,0,0,0,0,0,0,0,0,0,0,0,0,0,Yes,4,4,4,1.0,4,100.0,0.0,100.0,0,0
252,https://www.mdmountainside.com/mason-complex-boat-access,"Mason Complex Boat Access - Allegany County, The Mountain Side of Maryland",0,0,0,0,0,0,0,0,0,0,0,0,0,0,0,0,Yes,5,7,10,1.43,9,85.71,55.67,70.0,0,0
253,https://www.mdmountainside.com/master-gardener-class,"Master Gardener class - Allegany County, The Mountain Side of Maryland",0,0,0,0,0,0,0,0,0,0,0,0,0,0,0,0,Yes,1,3,3,1.0,3,100.0,0.0,100.0,0,0
254,https://www.mdmountainside.com/mcdonalds-1,"McDonald's - Queen City - Allegany County, The Mountain Side of Maryland",0,0,0,0,0,0,0,0,0,0,0,0,0,0,0,0,Yes,3,3,3,1.0,3,100.0,0.0,100.0,0,0
255,https://www.mdmountainside.com/mcdonalds-4,"McDonald's - Industrial Blvd - Allegany County, The Mountain Side of Maryland",0,0,0,0,0,0,0,0,0,0,0,0,0,0,0,0,Yes,1,1,1,1.0,1,100.0,0.0,100.0,0,0
256,https://www.mdmountainside.com/meg-romero-studio,"Meg Romero Studio - Allegany County, The Mountain Side of Maryland",0,0,0,0,0,0,0,0,0,0,0,0,0,0,0,0,Yes,10,10,15,1.5,14,90.0,19.8,66.67,0,0
257,https://www.mdmountainside.com/megan-bradley-5k-memorial-run-for-casa-of-allegany-county,"Megan Bradley 5K Memorial Run for CASA of Allegany County - Allegany County, The Mountain Side of Maryland",0,0,0,0,0,0,0,0,0,0,0,0,0,0,0,0,Yes,1,1,1,1.0,1,100.0,0.0,100.0,0,0
258,https://www.mdmountainside.com/memorial-heights-baptist-church,"Memorial Heights Baptist Church - Allegany County, The Mountain Side of Maryland",0,0,0,0,0,0,0,0,0,0,0,0,0,0,0,0,Yes,31,32,39,1.22,34,81.25,68.14,82.05,0,0
259,https://www.mdmountainside.com/meteor-shower-a-play-by-steve-martin,"Meteor Shower a play by Steve Martin - Allegany County, The Mountain Side of Maryland",0,0,0,0,0,0,0,0,0,0,0,0,0,0,0,0,Yes,1,1,1,1.0,1,100.0,0.0,100.0,0,0
260,https://www.mdmountainside.com/metropolitan-ame-church,"Metropolitan AME Church - Allegany County, The Mountain Side of Maryland",0,0,0,0,0,0,0,0,0,0,0,0,0,0,0,0,Yes,2,3,3,1.0,3,100.0,0.0,100.0,0,0
261,https://www.mdmountainside.com/mezzos,"MEZZOS - Allegany County, The Mountain Side of Maryland",0,0,0,0,0,0,0,0,0,0,0,0,0,0,0,0,Yes,4,5,5,1.0,5,100.0,0.0,100.0,0,0
262,https://www.mdmountainside.com/milestone-cube-company,"Milestone Cube Company - Allegany County, The Mountain Side of Maryland",0,0,0,0,0,0,0,0,0,0,0,0,0,0,0,0,Yes,3,3,3,1.0,3,100.0,0.0,100.0,0,0
263,https://www.mdmountainside.com/millstone-country-store,"Millstone Country Store - Allegany County, The Mountain Side of Maryland",0,0,0,0,0,0,0,0,0,0,0,0,0,0,0,0,Yes,19,21,28,1.33,28,80.95,119.29,75.0,0,0
264,https://www.mdmountainside.com/miracle-on-34th-street-the-musical,"Miracle on 34th Street the Musical - Allegany County, The Mountain Side of Maryland",0,0,0,0,0,0,0,0,0,0,0,0,0,0,0,0,Yes,1,1,1,1.0,1,100.0,0.0,100.0,0,0
265,https://www.mdmountainside.com/misty-blue-fashions,"Misty Blue Fashions - Allegany County, The Mountain Side of Maryland",0,0,0,0,0,0,0,0,0,0,0,0,0,0,0,0,Yes,2,2,2,1.0,2,100.0,0.0,100.0,0,0
266,https://www.mdmountainside.com/mixx-112-boutique,"Mixx 112 Boutique - Allegany County, The Mountain Side of Maryland",0,0,0,0,0,0,0,0,0,0,0,0,0,0,0,0,Yes,6,6,20,3.33,17,83.33,75.36,30.0,0,0
267,https://www.mdmountainside.com/mortons-jewelry,"Morton's Jewelry - Allegany County, The Mountain Side of Maryland",0,0,0,0,0,0,0,0,0,0,0,0,0,0,0,0,Yes,10,10,10,1.0,10,100.0,0.0,100.0,0,0
268,https://www.mdmountainside.com/mount-savage-historical-society,"Mount Savage Historical Society - Allegany County, The Mountain Side of Maryland",0,0,0,0,0,0,0,0,0,0,0,0,0,0,0,0,Yes,3,3,3,1.0,3,100.0,0.0,100.0,0,0
269,https://www.mdmountainside.com/mountain-city-coffeehouse-creamery,"Mountain City Coffeehouse & Creamery - Allegany County, The Mountain Side of Maryland",0,0,0,0,0,0,0,0,0,0,0,0,0,0,0,0,Yes,1,2,2,1.0,2,100.0,0.0,100.0,0,0
270,https://www.mdmountainside.com/mountain-maryland-2018-photo-contest,"Mountain Maryland 2018 Photo Contest - Allegany County, The Mountain Side of Maryland",0,0,0,0,0,0,0,0,0,0,0,0,0,0,0,0,Yes,2,2,2,1.0,2,100.0,0.0,100.0,0,0
271,https://www.mdmountainside.com/mountain-maryland-artist-studio-tours,"Mountain Maryland Artist Studio Tours - Allegany County, The Mountain Side of Maryland",0,0,0,0,0,0,0,0,0,0,0,0,0,0,0,0,Yes,7,7,7,1.0,7,100.0,0.0,100.0,0,0
272,https://www.mdmountainside.com/mountain-maryland-native-plant-festival,Not Found,0,0,0,0,0,0,0,0,0,0,0,0,0,0,0,0,Yes,6,6,7,1.17,7,83.33,113.0,85.71,0,0
273,https://www.mdmountainside.com/mountain-maryland-trails-presents-3m-challenge-bike-race,"Mountain Maryland Trails Presents: 3M Challenge Bike Race - Allegany County, The Mountain Side of Maryland",0,0,0,0,0,0,0,0,0,0,0,0,0,0,0,0,Yes,15,24,27,1.13,26,87.5,145.0,88.89,0,0
274,https://www.mdmountainside.com/mountaineer-country-tours,"Mountaineer Country Tours - Allegany County, The Mountain Side of Maryland",0,0,0,0,0,0,0,0,0,0,0,0,0,0,0,0,Yes,5,5,6,1.2,6,80.0,38.0,83.33,0,0
275,https://www.mdmountainside.com/mr-tire-auto-service-center,"Mr. Tire Auto Service Center - Allegany County, The Mountain Side of Maryland",0,0,0,0,0,0,0,0,0,0,0,0,0,0,0,0,Yes,2,2,2,1.0,2,100.0,0.0,100.0,0,0
276,https://www.mdmountainside.com/mt-bank,"M&T Bank - Allegany County, The Mountain Side of Maryland",0,0,0,0,0,0,0,0,0,0,0,0,0,0,0,0,Yes,1,1,1,1.0,1,100.0,0.0,100.0,0,0
277,https://www.mdmountainside.com/murder-mystery2,"Murder Mystery - Allegany County, The Mountain Side of Maryland",0,0,0,0,0,0,0,0,0,0,0,0,0,0,0,0,Yes,5,5,7,1.4,7,80.0,11.5,71.43,0,0
278,https://www.mdmountainside.com/murder-mystery234567,"Murder Mystery - Allegany County, The Mountain Side of Maryland",0,0,0,0,0,0,0,0,0,0,0,0,0,0,0,0,Yes,1,1,1,1.0,1,100.0,0.0,100.0,0,0
279,https://www.mdmountainside.com/musician-black-guy-fawkes-and-sob-bbq-at-1812-brewery,Not Found,0,0,0,0,0,0,0,0,0,0,0,0,0,0,0,0,Yes,4,5,7,1.4,6,80.0,28.0,71.43,0,0
280,https://www.mdmountainside.com/musician-dan-stevens-klavuhn-family-concessions-at-1812,Not Found,0,0,0,0,0,0,0,0,0,0,0,0,0,0,0,0,Yes,8,8,9,1.13,9,87.5,73.0,88.89,0,0
281,https://www.mdmountainside.com/musicians-chris-workman-and-craig-miller,Not Found,0,0,0,0,0,0,0,0,0,0,0,0,0,0,0,0,Yes,2,2,2,1.0,2,100.0,0.0,100.0,0,0
282,https://www.mdmountainside.com/national-night-out-cumberland,"National Night Out - Cumberland - Allegany County, The Mountain Side of Maryland",0,0,0,0,0,0,0,0,0,0,0,0,0,0,0,0,Yes,3,3,3,1.0,3,100.0,0.0,100.0,0,0
283,https://www.mdmountainside.com/national-road-monument,"National Road Monument - Allegany County, The Mountain Side of Maryland",0,0,0,0,0,0,0,0,0,0,0,0,0,0,0,0,Yes,3,3,3,1.0,3,100.0,0.0,100.0,0,0
284,https://www.mdmountainside.com/national-road-toll-house,"National Road & Toll House - Allegany County, The Mountain Side of Maryland",0,0,0,0,0,0,0,0,0,0,0,0,0,0,0,0,Yes,19,20,22,1.1,21,90.0,284.5,90.91,0,0
285,https://www.mdmountainside.com/natures-art,"Nature's Art - Allegany County, The Mountain Side of Maryland",0,0,0,0,0,0,0,0,0,0,0,0,0,0,0,0,Yes,8,9,9,1.0,9,100.0,0.0,100.0,0,0
286,https://www.mdmountainside.com/never-forgotten,"Never Forgotten - Allegany County, The Mountain Side of Maryland",0,0,0,0,0,0,0,0,0,0,0,0,0,0,0,0,Yes,1,1,1,1.0,1,100.0,0.0,100.0,0,0
287,https://www.mdmountainside.com/new-life-tabernacle,"New Life Tabernacle - Allegany County, The Mountain Side of Maryland",0,0,0,0,0,0,0,0,0,0,0,0,0,0,0,0,Yes,3,3,3,1.0,3,100.0,0.0,100.0,0,0
288,https://www.mdmountainside.com/new-years-eve-2019,"New Years Eve 2019 - Allegany County, The Mountain Side of Maryland",0,0,0,0,0,0,0,0,0,0,0,0,0,0,0,0,Yes,5,6,6,1.0,6,100.0,0.0,100.0,0,0
289,https://www.mdmountainside.com/new-years-eve-in-downtown-cumberland,"New Years Eve in Downtown Cumberland - Allegany County, The Mountain Side of Maryland",0,0,0,0,0,0,0,0,0,0,0,0,0,0,0,0,Yes,20,23,37,1.61,32,86.96,59.93,62.16,0,0
290,https://www.mdmountainside.com/new-years-eve-murder-mystery-train,"New Year's Eve Murder Mystery Train - Allegany County, The Mountain Side of Maryland",0,0,0,0,0,0,0,0,0,0,0,0,0,0,0,0,Yes,2,2,2,1.0,2,100.0,0.0,100.0,0,0
291,https://www.mdmountainside.com/news/2018-destination-guide,"2018 Destination Guide - Allegany County, The Mountain Side of Maryland",0,0,0,0,0,0,0,0,0,0,0,0,0,0,0,0,Yes,1,1,1,1.0,1,100.0,0.0,100.0,0,0
292,https://www.mdmountainside.com/news/cumberland-maryland-selected-as-one-of-travel-channels-50-most-charming-small-towns-in-america,"Cumberland, Maryland, Selected as One of Travel Channel's 50 Most Charming Small Towns in America - Allegany County, The Mountain Side of Maryland",0,0,0,0,0,0,0,0,0,0,0,0,0,0,0,0,Yes,22,25,28,1.12,27,92.0,93.33,89.29,0,0
293,https://www.mdmountainside.com/news/cumberland-md-selected-as-top-adventure-town,"Cumberland MD Selected as Top Adventure Town - Allegany County, The Mountain Side of Maryland",0,0,0,0,0,0,0,0,0,0,0,0,0,0,0,0,Yes,2,2,2,1.0,2,100.0,0.0,100.0,0,0
294,https://www.mdmountainside.com/night-of-the-living-dead,"Night of the Living Dead - Allegany County, The Mountain Side of Maryland",0,0,0,0,0,0,0,0,0,0,0,0,0,0,0,0,Yes,38,41,44,1.07,41,95.12,603.67,93.18,0,0
295,https://www.mdmountainside.com/night-traveler-and-good-carma-catering-at-1812-brewery2,Not Found,0,0,0,0,0,0,0,0,0,0,0,0,0,0,0,0,Yes,9,11,18,1.64,14,81.82,28.29,61.11,0,0
296,https://www.mdmountainside.com/niners-canal-pub,"Niner's Canal Pub - Allegany County, The Mountain Side of Maryland",0,0,0,0,0,0,0,0,0,0,0,0,0,0,0,0,Yes,21,23,37,1.61,34,86.96,53.71,62.16,0,0
297,https://www.mdmountainside.com/oak-barrel-citgo,"Oak Barrel CITGO - Allegany County, The Mountain Side of Maryland",0,0,0,0,0,0,0,0,0,0,0,0,0,0,0,0,Yes,7,7,9,1.29,9,85.71,15.0,77.78,0,0
298,https://www.mdmountainside.com/oldtown-bethel-assembly-of-god,"Oldtown Bethel Assembly of God - Allegany County, The Mountain Side of Maryland",0,0,0,0,0,0,0,0,0,0,0,0,0,0,0,0,Yes,9,10,15,1.5,13,80.0,55.2,66.67,0,0
299,https://www.mdmountainside.com/oldtown-summerfest,Not Found,0,0,0,0,0,0,0,0,0,0,0,0,0,0,0,0,Yes,51,63,84,1.33,78,82.54,186.43,75.0,0,0
300,https://www.mdmountainside.com/ole-97-johnny-cashjune-carter-tribute,Not Found,0,0,0,0,0,0,0,0,0,0,0,0,0,0,0,0,Yes,2,2,2,1.0,2,100.0,0.0,100.0,0,0
301,https://www.mdmountainside.com/ollies-bargain-outlet,"Ollie's Bargain Outlet - Allegany County, The Mountain Side of Maryland",0,0,0,0,0,0,0,0,0,0,0,0,0,0,0,0,Yes,15,15,16,1.07,15,93.33,16.0,93.75,0,0
302,https://www.mdmountainside.com/original-bluegrass-by-the-plate-scrapers-at-1812-brewery,Not Found,0,0,0,0,0,0,0,0,0,0,0,0,0,0,0,0,Yes,3,3,3,1.0,3,100.0,0.0,100.0,0,0
303,https://www.mdmountainside.com/our-farmers-markets,"Shop at a Farmers Market - Allegany County, The Mountain Side of Maryland",0,0,0,0,0,0,0,0,0,0,0,0,0,0,0,0,Yes,1,1,1,1.0,1,100.0,0.0,100.0,0,0
304,https://www.mdmountainside.com/parkview-liquor-store,"Parkview Liquor Store - Allegany County, The Mountain Side of Maryland",0,0,0,0,0,0,0,0,0,0,0,0,0,0,0,0,Yes,3,3,3,1.0,3,100.0,0.0,100.0,0,0
305,https://www.mdmountainside.com/partners/tourism-reinvestment-marketing-grant-program,"Tourism Reinvestment Marketing Grant Program - Allegany County, The Mountain Side of Maryland",0,0,0,0,0,0,0,0,0,0,0,0,0,0,0,0,Yes,14,20,22,1.1,21,90.0,763.5,90.91,0,0
306,https://www.mdmountainside.com/past-perfect--a-bargain-boutique,"Past Perfect - A Bargain Boutique - Allegany County, The Mountain Side of Maryland",0,0,0,0,0,0,0,0,0,0,0,0,0,0,0,0,Yes,5,5,17,3.4,11,80.0,54.67,29.41,0,0
307,https://www.mdmountainside.com/patricks-pub,"Patrick's Pub - Allegany County, The Mountain Side of Maryland",0,0,0,0,0,0,0,0,0,0,0,0,0,0,0,0,Yes,7,8,8,1.0,8,100.0,0.0,100.0,0,0
308,https://www.mdmountainside.com/peppers-overstock-room,"Pepper's Overstock Room - Allegany County, The Mountain Side of Maryland",0,0,0,0,0,0,0,0,0,0,0,0,0,0,0,0,Yes,2,2,2,1.0,2,100.0,0.0,100.0,0,0
309,https://www.mdmountainside.com/pet-care,"Find Pet Care Options - Allegany County, The Mountain Side of Maryland",0,0,0,0,0,0,0,0,0,0,0,0,0,0,0,0,Yes,1,1,1,1.0,1,100.0,0.0,100.0,0,0
310,https://www.mdmountainside.com/pet-wants-mountain-maryland,"Pet Wants Mountain Maryland - Allegany County, The Mountain Side of Maryland",0,0,0,0,0,0,0,0,0,0,0,0,0,0,0,0,Yes,1,1,1,1.0,1,100.0,0.0,100.0,0,0
311,https://www.mdmountainside.com/photography-of-parker-reinecker-and-work-of-the-quad-state-bodgers,"Photography of Parker Reinecker & Work of the Quad State Bodgers - Allegany County, The Mountain Side of Maryland",0,0,0,0,0,0,0,0,0,0,0,0,0,0,0,0,Yes,1,2,2,1.0,2,100.0,0.0,100.0,0,0
312,https://www.mdmountainside.com/pig-out-in-the-park-a-backyard-bbq-bash,"Pig Out in the Park: A Backyard BBQ Bash - Allegany County, The Mountain Side of Maryland",0,0,0,0,0,0,0,0,0,0,0,0,0,0,0,0,Yes,6,6,6,1.0,6,100.0,0.0,100.0,0,0
313,https://www.mdmountainside.com/pints-and-pilates-at-1812-brewery,Not Found,0,0,0,0,0,0,0,0,0,0,0,0,0,0,0,0,Yes,3,3,3,1.0,3,100.0,0.0,100.0,0,0
314,https://www.mdmountainside.com/pints-and-pilates-with-trainer-karen-smith-at-1812-brewery,Not Found,0,0,0,0,0,0,0,0,0,0,0,0,0,0,0,0,Yes,2,2,2,1.0,2,100.0,0.0,100.0,0,0
315,https://www.mdmountainside.com/pirates-ahoy-2019,Not Found,0,0,0,0,0,0,0,0,0,0,0,0,0,0,0,0,Yes,15,17,18,1.06,17,94.12,65.0,94.44,0,0
316,https://www.mdmountainside.com/platinum-coach-limousine-service,"Platinum Coach Limousine Service - Allegany County, The Mountain Side of Maryland",0,0,0,0,0,0,0,0,0,0,0,0,0,0,0,0,Yes,12,12,16,1.33,14,83.33,24.75,75.0,0,0
317,https://www.mdmountainside.com/potomac-valley-pharmacy,"Potomac Valley Pharmacy - Allegany County, The Mountain Side of Maryland",0,0,0,0,0,0,0,0,0,0,0,0,0,0,0,0,Yes,2,2,2,1.0,2,100.0,0.0,100.0,0,0
318,https://www.mdmountainside.com/princess-restaurant,"Princess Restaurant - Allegany County, The Mountain Side of Maryland",0,0,0,0,0,0,0,0,0,0,0,0,0,0,0,0,Yes,4,4,4,1.0,4,100.0,0.0,100.0,0,0
319,https://www.mdmountainside.com/prosperity-united-methodist-church,"Prosperity United Methodist Church - Allegany County, The Mountain Side of Maryland",0,0,0,0,0,0,0,0,0,0,0,0,0,0,0,0,Yes,1,1,1,1.0,1,100.0,0.0,100.0,0,0
320,https://www.mdmountainside.com/puccini-restaurant,"Puccini Restaurant - Allegany County, The Mountain Side of Maryland",0,0,0,0,0,0,0,0,0,0,0,0,0,0,0,0,Yes,11,11,14,1.27,14,81.82,89.33,78.57,0,0
321,https://www.mdmountainside.com/queen-city-creamery,"Queen City Creamery - Allegany County, The Mountain Side of Maryland",0,0,0,0,0,0,0,0,0,0,0,0,0,0,0,0,Yes,3,3,3,1.0,3,100.0,0.0,100.0,0,0
322,https://www.mdmountainside.com/queen-city-film-festival-(qcff)-2018,"Queen City Film Festival (QCFF) 2018 - Allegany County, The Mountain Side of Maryland",0,0,0,0,0,0,0,0,0,0,0,0,0,0,0,0,Yes,2,2,2,1.0,2,100.0,0.0,100.0,0,0
323,https://www.mdmountainside.com/queen-city-flea-market,"Queen City Flea Market - Allegany County, The Mountain Side of Maryland",0,0,0,0,0,0,0,0,0,0,0,0,0,0,0,0,Yes,281,356,441,1.24,398,86.24,123.02,80.73,0,0
324,https://www.mdmountainside.com/queen-city-motors,"Queen City Motors - Allegany County, The Mountain Side of Maryland",0,0,0,0,0,0,0,0,0,0,0,0,0,0,0,0,Yes,2,2,2,1.0,2,100.0,0.0,100.0,0,0
325,https://www.mdmountainside.com/queen-city-taxi,"Queen City Taxi - Allegany County, The Mountain Side of Maryland",0,0,0,0,0,0,0,0,0,0,0,0,0,0,0,0,Yes,358,429,516,1.2,454,86.25,164.28,83.14,0,0
326,https://www.mdmountainside.com/red-white-and-bluegrass-with-the-jakobs-ferry-stragglers,Not Found,0,0,0,0,0,0,0,0,0,0,0,0,0,0,0,0,Yes,7,7,12,1.71,9,85.71,455.6,58.33,0,0
327,https://www.mdmountainside.com/request-a-guide,"Order or Download a Visitor's Guide - Allegany County, The Mountain Side of Maryland",0,0,0,0,0,0,0,0,0,0,0,0,0,0,0,0,Yes,7,8,9,1.13,9,87.5,86.0,88.89,0,0
328,https://www.mdmountainside.com/revisiting-the-lonaconing-silk-mill,"Revisiting the Lonaconing Silk Mill - Allegany County, The Mountain Side of Maryland",0,0,0,0,0,0,0,0,0,0,0,0,0,0,0,0,Yes,8,8,10,1.25,9,87.5,21.5,80.0,0,0
329,https://www.mdmountainside.com/rio-grande-inc-restaurante-mexican,"Rio Grande Inc. Restaurante Mexican - Allegany County, The Mountain Side of Maryland",0,0,0,0,0,0,0,0,0,0,0,0,0,0,0,0,Yes,1,1,1,1.0,1,100.0,0.0,100.0,0,0
330,https://www.mdmountainside.com/ritas-ice,"Rita's Ice - Allegany County, The Mountain Side of Maryland",0,0,0,0,0,0,0,0,0,0,0,0,0,0,0,0,Yes,5,5,6,1.2,6,80.0,18.0,83.33,0,0
331,https://www.mdmountainside.com/rite-aid-pharmacy,"Rite Aid Pharmacy - Allegany County, The Mountain Side of Maryland",0,0,0,0,0,0,0,0,0,0,0,0,0,0,0,0,Yes,1,1,1,1.0,1,100.0,0.0,100.0,0,0
332,https://www.mdmountainside.com/rocky-gap-casino--lbs-place,"Rocky Gap Casino - LB's Place - Allegany County, The Mountain Side of Maryland",0,0,0,0,0,0,0,0,0,0,0,0,0,0,0,0,Yes,18,18,19,1.06,19,94.44,99.0,94.74,0,0
333,https://www.mdmountainside.com/rocky-gap-casino--on-the-rocks,"Rocky Gap Casino - On The Rocks - Allegany County, The Mountain Side of Maryland",0,0,0,0,0,0,0,0,0,0,0,0,0,0,0,0,Yes,1,1,1,1.0,1,100.0,0.0,100.0,0,0
334,https://www.mdmountainside.com/rocky-gap-golf-course,"Rocky Gap Golf Course - Allegany County, The Mountain Side of Maryland",0,0,0,0,0,0,0,0,0,0,0,0,0,0,0,0,Yes,12,12,14,1.17,13,83.33,144.0,85.71,0,0
335,https://www.mdmountainside.com/rocky-gap-state-park-aviary,"Rocky Gap State Park Aviary - Allegany County, The Mountain Side of Maryland",0,0,0,0,0,0,0,0,0,0,0,0,0,0,0,0,Yes,153,179,257,1.44,226,80.45,154.06,69.65,0,0
336,https://www.mdmountainside.com/roses--cumberland,"Roses - Cumberland - Allegany County, The Mountain Side of Maryland",0,0,0,0,0,0,0,0,0,0,0,0,0,0,0,0,Yes,6,6,9,1.5,9,83.33,27.67,66.67,0,0
337,https://www.mdmountainside.com/roses--frostburg,"Roses - Frostburg - Allegany County, The Mountain Side of Maryland",0,0,0,0,0,0,0,0,0,0,0,0,0,0,0,0,Yes,2,3,3,1.0,3,100.0,0.0,100.0,0,0
338,https://www.mdmountainside.com/sadies,"Sadies - Allegany County, The Mountain Side of Maryland",0,0,0,0,0,0,0,0,0,0,0,0,0,0,0,0,Yes,1,1,1,1.0,1,100.0,0.0,100.0,0,0
339,https://www.mdmountainside.com/sand-springs-saloon-steakhouse,"Sand Springs Saloon & Steakhouse - Allegany County, The Mountain Side of Maryland",0,0,0,0,0,0,0,0,0,0,0,0,0,0,0,0,Yes,4,4,4,1.0,4,100.0,0.0,100.0,0,0
340,https://www.mdmountainside.com/savage-fame-paintball-park,"Savage Fame Paintball Park - Allegany County, The Mountain Side of Maryland",0,0,0,0,0,0,0,0,0,0,0,0,0,0,0,0,Yes,26,28,38,1.36,35,82.14,63.1,73.68,0,0
341,https://www.mdmountainside.com/savage-mountain-punk-festival,"Savage Mountain Punk Festival - Allegany County, The Mountain Side of Maryland",0,0,0,0,0,0,0,0,0,0,0,0,0,0,0,0,Yes,6,8,11,1.38,9,87.5,482.67,72.73,0,0
342,https://www.mdmountainside.com/second-baptist-church-sbc,"Second Baptist Church SBC - Allegany County, The Mountain Side of Maryland",0,0,0,0,0,0,0,0,0,0,0,0,0,0,0,0,Yes,13,13,16,1.23,14,84.62,62.33,81.25,0,0
343,https://www.mdmountainside.com/seoul-house,"Seoul House - Allegany County, The Mountain Side of Maryland",0,0,0,0,0,0,0,0,0,0,0,0,0,0,0,0,Yes,100,101,108,1.07,105,96.04,20.0,93.52,0,0
344,https://www.mdmountainside.com/serenity-garden-labyrinth,"Serenity Garden & Labyrinth - Allegany County, The Mountain Side of Maryland",0,0,0,0,0,0,0,0,0,0,0,0,0,0,0,0,Yes,8,9,9,1.0,9,100.0,0.0,100.0,0,0
345,https://www.mdmountainside.com/shaw-mansion-inn,"Shaw Mansion Inn - Allegany County, The Mountain Side of Maryland",0,0,0,0,0,0,0,0,0,0,0,0,0,0,0,0,Yes,5,5,6,1.2,6,80.0,24.0,83.33,0,0
346,https://www.mdmountainside.com/sheetz-bedford-road,"Sheetz - Bedford Road - Allegany County, The Mountain Side of Maryland",0,0,0,0,0,0,0,0,0,0,0,0,0,0,0,0,Yes,2,2,2,1.0,2,100.0,0.0,100.0,0,0
347,https://www.mdmountainside.com/sheetz-corriganville,"Sheetz - Corriganville - Allegany County, The Mountain Side of Maryland",0,0,0,0,0,0,0,0,0,0,0,0,0,0,0,0,Yes,3,4,4,1.0,4,100.0,0.0,100.0,0,0
348,https://www.mdmountainside.com/sheetz-cresaptown,"Sheetz - Cresaptown - Allegany County, The Mountain Side of Maryland",0,0,0,0,0,0,0,0,0,0,0,0,0,0,0,0,Yes,7,8,9,1.13,9,87.5,16.0,88.89,0,0
349,https://www.mdmountainside.com/sheetz-green-street,"Sheetz - Green Street - Allegany County, The Mountain Side of Maryland",0,0,0,0,0,0,0,0,0,0,0,0,0,0,0,0,Yes,4,4,4,1.0,4,100.0,0.0,100.0,0,0
350,https://www.mdmountainside.com/shoes-diesel-performance,"Shoe's Diesel Performance - Allegany County, The Mountain Side of Maryland",0,0,0,0,0,0,0,0,0,0,0,0,0,0,0,0,Yes,17,19,20,1.05,19,94.74,153.0,95.0,0,0
351,https://www.mdmountainside.com/sideling-hill-creek-nature-preserve,"Sideling Hill Creek Nature Preserve - Allegany County, The Mountain Side of Maryland",0,0,0,0,0,0,0,0,0,0,0,0,0,0,0,0,Yes,6,8,9,1.13,8,87.5,28.0,88.89,0,0
352,https://www.mdmountainside.com/simplee-kountry,"Simplee Kountry - Allegany County, The Mountain Side of Maryland",0,0,0,0,0,0,0,0,0,0,0,0,0,0,0,0,Yes,5,5,5,1.0,5,100.0,0.0,100.0,0,0
353,https://www.mdmountainside.com/simply-formal-,"Simply Formal - Allegany County, The Mountain Side of Maryland",0,0,0,0,0,0,0,0,0,0,0,0,0,0,0,0,Yes,2,2,2,1.0,2,100.0,0.0,100.0,0,0
354,https://www.mdmountainside.com/souls-harbor-church,"Soul's Harbor Church - Allegany County, The Mountain Side of Maryland",0,0,0,0,0,0,0,0,0,0,0,0,0,0,0,0,Yes,2,2,2,1.0,2,100.0,0.0,100.0,0,0
355,https://www.mdmountainside.com/special-love-friday-at-1812-brewery,"Special Love Friday at 1812 Brewery - Allegany County, The Mountain Side of Maryland",0,0,0,0,0,0,0,0,0,0,0,0,0,0,0,0,Yes,1,1,1,1.0,1,100.0,0.0,100.0,0,0
356,https://www.mdmountainside.com/sponaugle-towing,"Sponaugle Towing - Allegany County, The Mountain Side of Maryland",0,0,0,0,0,0,0,0,0,0,0,0,0,0,0,0,Yes,1,1,1,1.0,1,100.0,0.0,100.0,0,0
357,https://www.mdmountainside.com/spun-from-light-woven-in-silence-paintings-on-glass-by-john-lyon-paul,"Spun from Light, Woven in Silence: Paintings on Glass by John Lyon Paul - Allegany County, The Mountain Side of Maryland",0,0,0,0,0,0,0,0,0,0,0,0,0,0,0,0,Yes,1,1,1,1.0,1,100.0,0.0,100.0,0,0
358,https://www.mdmountainside.com/ss-peter-paul-shrine,"SS Peter & Paul Shrine - Allegany County, The Mountain Side of Maryland",0,0,0,0,0,0,0,0,0,0,0,0,0,0,0,0,Yes,2,2,2,1.0,2,100.0,0.0,100.0,0,0
359,https://www.mdmountainside.com/st-georges-episcopal-church,"St. George's Episcopal Church - Allegany County, The Mountain Side of Maryland",0,0,0,0,0,0,0,0,0,0,0,0,0,0,0,0,Yes,1,1,1,1.0,1,100.0,0.0,100.0,0,0
360,https://www.mdmountainside.com/st-marks-community-church,"St. Mark's Community Church - Allegany County, The Mountain Side of Maryland",0,0,0,0,0,0,0,0,0,0,0,0,0,0,0,0,Yes,2,2,2,1.0,2,100.0,0.0,100.0,0,0
361,https://www.mdmountainside.com/st-marys-catholic-church,"St. Mary's Catholic Church - Allegany County, The Mountain Side of Maryland",0,0,0,0,0,0,0,0,0,0,0,0,0,0,0,0,Yes,9,9,10,1.11,10,88.89,439.0,90.0,0,0
362,https://www.mdmountainside.com/st-matthews-united-church-of-christ,"St. Matthew's United Church of Christ - Allegany County, The Mountain Side of Maryland",0,0,0,0,0,0,0,0,0,0,0,0,0,0,0,0,Yes,1,1,1,1.0,1,100.0,0.0,100.0,0,0
363,https://www.mdmountainside.com/st-michaels-catholic-church-,"St. Michael's Catholic Church - Allegany County, The Mountain Side of Maryland",0,0,0,0,0,0,0,0,0,0,0,0,0,0,0,0,Yes,9,9,10,1.11,9,88.89,158.0,90.0,0,0
364,https://www.mdmountainside.com/st-pauls-lutheran-church,"St. Paul's Lutheran Church - Allegany County, The Mountain Side of Maryland",0,0,0,0,0,0,0,0,0,0,0,0,0,0,0,0,Yes,3,3,3,1.0,3,100.0,0.0,100.0,0,0
365,https://www.mdmountainside.com/st-pauls-lutheran-church2,"St. Paul's Lutheran Church - Allegany County, The Mountain Side of Maryland",0,0,0,0,0,0,0,0,0,0,0,0,0,0,0,0,Yes,1,1,1,1.0,1,100.0,0.0,100.0,0,0
366,https://www.mdmountainside.com/steves-pharmacy,"Steve's Pharmacy - Allegany County, The Mountain Side of Maryland",0,0,0,0,0,0,0,0,0,0,0,0,0,0,0,0,Yes,1,1,1,1.0,1,100.0,0.0,100.0,0,0
367,https://www.mdmountainside.com/sunday-in-the-park-concert-series-28-speedway,"Sunday in the Park Concert Series: 28 Speedway - Allegany County, The Mountain Side of Maryland",0,0,0,0,0,0,0,0,0,0,0,0,0,0,0,0,Yes,3,3,3,1.0,3,100.0,0.0,100.0,0,0
368,https://www.mdmountainside.com/sunday-in-the-park-concert-series-jazz-in-the-park-with-tom-harrison,"Sunday in the Park Concert Series: Jazz in the Park with Tom Harrison - Allegany County, The Mountain Side of Maryland",0,0,0,0,0,0,0,0,0,0,0,0,0,0,0,0,Yes,3,3,3,1.0,3,100.0,0.0,100.0,0,0
369,https://www.mdmountainside.com/sunday-in-the-park-concert-series-potomac-concert-band,"Sunday in the Park Concert Series: Potomac Concert Band - Allegany County, The Mountain Side of Maryland",0,0,0,0,0,0,0,0,0,0,0,0,0,0,0,0,Yes,2,2,2,1.0,2,100.0,0.0,100.0,0,0
370,https://www.mdmountainside.com/sunday-in-the-park-concert-series-surrender-dorothy,"Sunday in the Park Concert Series: Surrender Dorothy - Allegany County, The Mountain Side of Maryland",0,0,0,0,0,0,0,0,0,0,0,0,0,0,0,0,Yes,11,11,14,1.27,13,81.82,50.67,78.57,0,0
371,https://www.mdmountainside.com/super-shoes,"Super Shoes - Allegany County, The Mountain Side of Maryland",0,0,0,0,0,0,0,0,0,0,0,0,0,0,0,0,Yes,9,9,9,1.0,9,100.0,0.0,100.0,0,0
372,https://www.mdmountainside.com/superhero-adventure-challenge,"Superhero Adventure Challenge - Allegany County, The Mountain Side of Maryland",0,0,0,0,0,0,0,0,0,0,0,0,0,0,0,0,Yes,1,1,1,1.0,1,100.0,0.0,100.0,0,0
373,https://www.mdmountainside.com/terrys-jewelry,"Terry's Jewelry - Allegany County, The Mountain Side of Maryland",0,0,0,0,0,0,0,0,0,0,0,0,0,0,0,0,Yes,21,22,22,1.0,22,100.0,0.0,100.0,0,0
374,https://www.mdmountainside.com/texas-grillhouse,"Texas Grillhouse - Allegany County, The Mountain Side of Maryland",0,0,0,0,0,0,0,0,0,0,0,0,0,0,0,0,Yes,5,5,7,1.4,6,80.0,19.0,71.43,0,0
375,https://www.mdmountainside.com/the-book-center,"The Book Center - Allegany County, The Mountain Side of Maryland",0,0,0,0,0,0,0,0,0,0,0,0,0,0,0,0,Yes,6,6,6,1.0,6,100.0,0.0,100.0,0,0
376,https://www.mdmountainside.com/the-draft-sports-bar-grille,"The Draft Sports Bar & Grille - Allegany County, The Mountain Side of Maryland",0,0,0,0,0,0,0,0,0,0,0,0,0,0,0,0,Yes,5,5,5,1.0,5,100.0,0.0,100.0,0,0
377,https://www.mdmountainside.com/the-froyo-factory,"The Froyo Factory - Allegany County, The Mountain Side of Maryland",0,0,0,0,0,0,0,0,0,0,0,0,0,0,0,0,Yes,22,27,30,1.11,27,88.89,24.67,90.0,0,0
378,https://www.mdmountainside.com/the-golden-gays-and-winnies-rock-cauldron-gay-pride-extravaganza,Not Found,0,0,0,0,0,0,0,0,0,0,0,0,0,0,0,0,Yes,1,1,1,1.0,1,100.0,0.0,100.0,0,0
379,https://www.mdmountainside.com/the-gordon-roberts-house,"The Gordon-Roberts House - Allegany County, The Mountain Side of Maryland",0,0,0,0,0,0,0,0,0,0,0,0,0,0,0,0,Yes,18,18,21,1.17,20,88.89,110.67,85.71,0,0
380,https://www.mdmountainside.com/the-greater-cumberland-regional-airport,"The Greater Cumberland Regional Airport - Allegany County, The Mountain Side of Maryland",0,0,0,0,0,0,0,0,0,0,0,0,0,0,0,0,Yes,3,3,3,1.0,3,100.0,0.0,100.0,0,0
381,https://www.mdmountainside.com/the-gulf-war-memorial,"The Gulf War Memorial - Allegany County, The Mountain Side of Maryland",0,0,0,0,0,0,0,0,0,0,0,0,0,0,0,0,Yes,20,21,31,1.48,29,85.71,73.6,67.74,0,0
382,https://www.mdmountainside.com/the-hazen-gallery-at-allegany-college-of-maryland,"The Hazen Gallery at Allegany College of Maryland - Allegany County, The Mountain Side of Maryland",0,0,0,0,0,0,0,0,0,0,0,0,0,0,0,0,Yes,2,2,2,1.0,2,100.0,0.0,100.0,0,0
383,https://www.mdmountainside.com/the-irvin-allen--michael-cresap-museum-inc,"The Irvin Allen - Michael Cresap Museum, Inc. - Allegany County, The Mountain Side of Maryland",0,0,0,0,0,0,0,0,0,0,0,0,0,0,0,0,Yes,3,4,4,1.0,4,100.0,0.0,100.0,0,0
384,https://www.mdmountainside.com/the-knot-hole-craft-shop,"The Knot Hole Craft Shop - Allegany County, The Mountain Side of Maryland",0,0,0,0,0,0,0,0,0,0,0,0,0,0,0,0,Yes,8,10,13,1.3,10,80.0,50.33,76.92,0,0
385,https://www.mdmountainside.com/the-magic-of-vince-a-tribute-to-the-great-houdini,"The Magic of Vince: A Tribute to the Great Houdini - Allegany County, The Mountain Side of Maryland",0,0,0,0,0,0,0,0,0,0,0,0,0,0,0,0,Yes,2,3,3,1.0,3,100.0,0.0,100.0,0,0
386,https://www.mdmountainside.com/the-outback-lounge,"The Outback Lounge - Allegany County, The Mountain Side of Maryland",0,0,0,0,0,0,0,0,0,0,0,0,0,0,0,0,Yes,4,4,4,1.0,4,100.0,0.0,100.0,0,0
387,https://www.mdmountainside.com/the-palace-theatre,"The Palace Theatre - Allegany County, The Mountain Side of Maryland",0,0,0,0,0,0,0,0,0,0,0,0,0,0,0,0,Yes,1,1,1,1.0,1,100.0,0.0,100.0,0,0
388,https://www.mdmountainside.com/the-shoe-dept,"The Shoe Dept. - Allegany County, The Mountain Side of Maryland",0,0,0,0,0,0,0,0,0,0,0,0,0,0,0,0,Yes,3,3,3,1.0,3,100.0,0.0,100.0,0,0
389,https://www.mdmountainside.com/the-strawberry-dog,"The Strawberry Dog - Allegany County, The Mountain Side of Maryland",0,0,0,0,0,0,0,0,0,0,0,0,0,0,0,0,Yes,14,15,15,1.0,15,100.0,0.0,100.0,0,0
390,https://www.mdmountainside.com/the-vapor-room,"The Vapor Room - Frostburg - Allegany County, The Mountain Side of Maryland",0,0,0,0,0,0,0,0,0,0,0,0,0,0,0,0,Yes,1,1,1,1.0,1,100.0,0.0,100.0,0,0
391,https://www.mdmountainside.com/the-vapor-room2,"The Vapor Room - Allegany County, The Mountain Side of Maryland",0,0,0,0,0,0,0,0,0,0,0,0,0,0,0,0,Yes,1,1,1,1.0,1,100.0,0.0,100.0,0,0
392,https://www.mdmountainside.com/the-worn-out-flannels-plus-sob-bbq-at-1812-brewery,Not Found,0,0,0,0,0,0,0,0,0,0,0,0,0,0,0,0,Yes,2,2,2,1.0,2,100.0,0.0,100.0,0,0
393,https://www.mdmountainside.com/three-guys-guns,"Three Guys Guns - Allegany County, The Mountain Side of Maryland",0,0,0,0,0,0,0,0,0,0,0,0,0,0,0,0,Yes,40,40,44,1.1,42,95.0,99.5,90.91,0,0
394,https://www.mdmountainside.com/timbrook-honda-of-cumberland,"Timbrook Honda of Cumberland - Allegany County, The Mountain Side of Maryland",0,0,0,0,0,0,0,0,0,0,0,0,0,0,0,0,Yes,1,1,1,1.0,1,100.0,0.0,100.0,0,0
395,https://www.mdmountainside.com/tnt-dakota-saloon,"TNT Dakota Saloon - Allegany County, The Mountain Side of Maryland",0,0,0,0,0,0,0,0,0,0,0,0,0,0,0,0,Yes,3,3,3,1.0,3,100.0,0.0,100.0,0,0
396,https://www.mdmountainside.com/toasted-goat-and-hotel-gunter-grand-opening-and-ribbon-cutting,"Toasted Goat and Hotel Gunter Grand Opening and Ribbon Cutting - Allegany County, The Mountain Side of Maryland",0,0,0,0,0,0,0,0,0,0,0,0,0,0,0,0,Yes,3,3,3,1.0,3,100.0,0.0,100.0,0,0
397,https://www.mdmountainside.com/todds-smokin-bar-b-q,"Todd's Smokin' Bar-B-Q - Allegany County, The Mountain Side of Maryland",0,0,0,0,0,0,0,0,0,0,0,0,0,0,0,0,Yes,4,4,4,1.0,4,100.0,0.0,100.0,0,0
398,https://www.mdmountainside.com/tour-of-burial-site-of-american-revolutionary-war-soldier,Not Found,0,0,0,0,0,0,0,0,0,0,0,0,0,0,0,0,Yes,1,1,1,1.0,1,100.0,0.0,100.0,0,0
399,https://www.mdmountainside.com/tracy-lawrence-in-concert,Not Found,0,0,0,0,0,0,0,0,0,0,0,0,0,0,0,0,Yes,15,16,19,1.19,16,81.25,61.33,84.21,0,0
400,https://www.mdmountainside.com/tri-state-wing-off,Not Found,0,0,0,0,0,0,0,0,0,0,0,0,0,0,0,0,Yes,5,5,7,1.4,6,80.0,27.0,71.43,0,0
401,https://www.mdmountainside.com/twisteez-ice-cream,"Twisteez Ice Cream - Allegany County, The Mountain Side of Maryland",0,0,0,0,0,0,0,0,0,0,0,0,0,0,0,0,Yes,4,4,4,1.0,4,100.0,0.0,100.0,0,0
402,https://www.mdmountainside.com/ty-johnson-day,Not Found,0,0,0,0,0,0,0,0,0,0,0,0,0,0,0,0,Yes,3,3,3,1.0,3,100.0,0.0,100.0,0,0
403,https://www.mdmountainside.com/uncle-jacks-pizzeria-pub,"Uncle Jack's Pizzeria & Pub - Allegany County, The Mountain Side of Maryland",0,0,0,0,0,0,0,0,0,0,0,0,0,0,0,0,Yes,12,13,15,1.15,15,84.62,19.5,86.67,0,0
404,https://www.mdmountainside.com/union-grove-one-room-schoolhouse,"Union Grove One Room Schoolhouse - Allegany County, The Mountain Side of Maryland",0,0,0,0,0,0,0,0,0,0,0,0,0,0,0,0,Yes,6,7,7,1.0,7,100.0,0.0,100.0,0,0
405,https://www.mdmountainside.com/vanilla-ice-and-coolio-live,Not Found,0,0,0,0,0,0,0,0,0,0,0,0,0,0,0,0,Yes,111,122,164,1.34,140,81.97,57.29,74.39,0,0
406,https://www.mdmountainside.com/vietnam-veterans-of-america-chapter-172-museum,"Vietnam Veterans of America, Chapter 172 Museum - Allegany County, The Mountain Side of Maryland",0,0,0,0,0,0,0,0,0,0,0,0,0,0,0,0,Yes,16,16,18,1.13,17,93.75,20.5,88.89,0,0
407,https://www.mdmountainside.com/walsh-mccagh-kellough-pharmacy,"Walsh-McCagh & Kellough Pharmacy - Allegany County, The Mountain Side of Maryland",0,0,0,0,0,0,0,0,0,0,0,0,0,0,0,0,Yes,8,8,8,1.0,8,100.0,0.0,100.0,0,0
408,https://www.mdmountainside.com/warrant-in-concert,"Warrant in Concert - Allegany County, The Mountain Side of Maryland",0,0,0,0,0,0,0,0,0,0,0,0,0,0,0,0,Yes,11,18,20,1.11,18,88.89,409.0,90.0,0,0
409,https://www.mdmountainside.com/weinerfest,"Weinerfest - Allegany County, The Mountain Side of Maryland",0,0,0,0,0,0,0,0,0,0,0,0,0,0,0,0,Yes,42,48,57,1.19,51,85.42,489.78,84.21,0,0
410,https://www.mdmountainside.com/western-maryland-craft-beverage-festival,"Western Maryland Craft Beverage Festival - Allegany County, The Mountain Side of Maryland",0,0,0,0,0,0,0,0,0,0,0,0,0,0,0,0,Yes,14,16,20,1.25,18,87.5,97.75,80.0,0,0
411,https://www.mdmountainside.com/western-maryland-gallery,"Western Maryland Gallery - Allegany County, The Mountain Side of Maryland",0,0,0,0,0,0,0,0,0,0,0,0,0,0,0,0,Yes,1,1,1,1.0,1,100.0,0.0,100.0,0,0
412,https://www.mdmountainside.com/western-maryland-music-center,"Western Maryland Music Center - Allegany County, The Mountain Side of Maryland",0,0,0,0,0,0,0,0,0,0,0,0,0,0,0,0,Yes,46,51,56,1.1,55,96.08,49.2,91.07,0,0
413,https://www.mdmountainside.com/western-maryland-music-festival,"Western Maryland Music Festival - Allegany County, The Mountain Side of Maryland",0,0,0,0,0,0,0,0,0,0,0,0,0,0,0,0,Yes,24,25,28,1.12,27,88.0,155.67,89.29,0,0
414,https://www.mdmountainside.com/westernport-boat-access,"Westernport Boat Access - Allegany County, The Mountain Side of Maryland",0,0,0,0,0,0,0,0,0,0,0,0,0,0,0,0,Yes,1,1,1,1.0,1,100.0,0.0,100.0,0,0
415,https://www.mdmountainside.com/westernport-church-of-the-brethren,"Westernport Church of the Brethren - Allegany County, The Mountain Side of Maryland",0,0,0,0,0,0,0,0,0,0,0,0,0,0,0,0,Yes,1,1,1,1.0,1,100.0,0.0,100.0,0,0
416,https://www.mdmountainside.com/whiskey-paint-and-sip,Not Found,0,0,0,0,0,0,0,0,0,0,0,0,0,0,0,0,Yes,2,2,2,1.0,2,100.0,0.0,100.0,0,0
417,https://www.mdmountainside.com/wicked-jezabel-live-on-the-mccoury-family-stage,Not Found,0,0,0,0,0,0,0,0,0,0,0,0,0,0,0,0,Yes,1,1,1,1.0,1,100.0,0.0,100.0,0,0
418,https://www.mdmountainside.com/williams-stained-glass-studio,"Williams Stained Glass Studio - Allegany County, The Mountain Side of Maryland",0,0,0,0,0,0,0,0,0,0,0,0,0,0,0,0,Yes,6,6,6,1.0,6,100.0,0.0,100.0,0,0
419,https://www.mdmountainside.com/wills-creek-exhibition,"Wills Creek Exhibition - Allegany County, The Mountain Side of Maryland",0,0,0,0,0,0,0,0,0,0,0,0,0,0,0,0,Yes,1,1,1,1.0,1,100.0,0.0,100.0,0,0
420,https://www.mdmountainside.com/window-expressions,"Window Expressions - Allegany County, The Mountain Side of Maryland",0,0,0,0,0,0,0,0,0,0,0,0,0,0,0,0,Yes,2,2,2,1.0,2,100.0,0.0,100.0,0,0
421,https://www.mdmountainside.com/winifred-road-church-of-christ,"Winifred Road Church of Christ - Allegany County, The Mountain Side of Maryland",0,0,0,0,0,0,0,0,0,0,0,0,0,0,0,0,Yes,1,1,1,1.0,1,100.0,0.0,100.0,0,0
422,https://www.mdmountainside.com/winnies-rock-cauldron-cabaret,"Winnie's Rock Cauldron Cabaret - Allegany County, The Mountain Side of Maryland",0,0,0,0,0,0,0,0,0,0,0,0,0,0,0,0,Yes,1,1,1,1.0,1,100.0,0.0,100.0,0,0
423,https://www.mdmountainside.com/woodwind-studio-recital,Not Found,0,0,0,0,0,0,0,0,0,0,0,0,0,0,0,0,Yes,1,1,1,1.0,1,100.0,0.0,100.0,0,0
424,https://www.mdmountainside.com/world-war-i-in-your-attic-western-maryland-in-the-first-world-war,"World War I In Your Attic: Western Maryland in the First World War - Allegany County, The Mountain Side of Maryland",0,0,0,0,0,0,0,0,0,0,0,0,0,0,0,0,Yes,1,1,1,1.0,1,100.0,0.0,100.0,0,0
425,https://www.mdmountainside.com/worn-out-flannels-and-sweet-dreams-food-truck-at-1812-brewery,"Worn Out Flannels & Sweet Dreams Food Truck at 1812 Brewery - Allegany County, The Mountain Side of Maryland",0,0,0,0,0,0,0,0,0,0,0,0,0,0,0,0,Yes,2,2,2,1.0,2,100.0,0.0,100.0,0,0
426,https://www.mdmountainside.com/worn-out-flannels-plus-zebs-barbeque-at-1812-brewery,Not Found,0,0,0,0,0,0,0,0,0,0,0,0,0,0,0,0,Yes,1,1,1,1.0,1,100.0,0.0,100.0,0,0
427,https://www.mdmountainside.com/zula-patrol-down-to-earth,"Zula Patrol: Down to Earth - Allegany County, The Mountain Side of Maryland",0,0,0,0,0,0,0,0,0,0,0,0,0,0,0,0,Yes,2,2,2,1.0,2,100.0,0.0,100.0,0,0
428,https://www.mdmountainside.com/zumba-and-brews-at-1812-brewery,Not Found,0,0,0,0,0,0,0,0,0,0,0,0,0,0,0,0,Yes,5,5,6,1.2,6,80.0,44.0,83.33,0,0
429,https://www.mdmountainside.com/zumba-and-brews-at-1812-brewery-2,Not Found,0,0,0,0,0,0,0,0,0,0,0,0,0,0,0,0,Yes,1,1,1,1.0,1,100.0,0.0,100.0,0,0
