,URL,Scheme,HTTP Status Code,HTTP Status,HTTP Error Message,Indexable Status,First Parent URL,Crawl Depth,Crawl Source,No. Internal Linking URLs,Link Equity Score,Example Link 1 URL,Example Link 1 Text,Example Link 1 Nofollow,Example Link 1 Location,Example Link 1 Image,Example Link 2 URL,Example Link 2 Text,Example Link 2 Nofollow,Example Link 2 Location,Example Link 2 Image,Example Link 3 URL,Example Link 3 Text,Example Link 3 Nofollow,Example Link 3 Location,Example Link 3 Image,Example Link 4 URL,Example Link 4 Text,Example Link 4 Nofollow,Example Link 4 Location,Example Link 4 Image,Example Link 5 URL,Example Link 5 Text,Example Link 5 Nofollow,Example Link 5 Location,Example Link 5 Image
0,https://www.mdmountainside.com/10th-annual-roger-rizer-memorial-car-show,https,404,Not Found,None,Not Found,None,Not Set,Google Analytics,0,0.0,,,,,,,,,,,,,,,,,,,,,,,,,
1,https://www.mdmountainside.com/1st-presbyterian-churchs-annual-ice-cream-social,https,404,Not Found,None,Not Found,None,Not Set,Google Analytics,0,0.0,,,,,,,,,,,,,,,,,,,,,,,,,
2,https://www.mdmountainside.com/2019-annual-members-exhibition,https,404,Not Found,None,Not Found,None,Not Set,Google Analytics,0,0.0,,,,,,,,,,,,,,,,,,,,,,,,,
3,https://www.mdmountainside.com/2019-heritage-days-festival,https,404,Not Found,None,Not Found,None,Not Set,Google Analytics,0,0.0,,,,,,,,,,,,,,,,,,,,,,,,,
4,https://www.mdmountainside.com/2019-polish-mountain-hill-climb,https,404,Not Found,None,Not Found,None,Not Set,Google Analytics,0,0.0,,,,,,,,,,,,,,,,,,,,,,,,,
5,https://www.mdmountainside.com/32nd-annual-coney-days,https,404,Not Found,None,Not Found,None,Not Set,Google Analytics,0,0.0,,,,,,,,,,,,,,,,,,,,,,,,,
6,https://www.mdmountainside.com/33rd-annual-coney-days-sunday-on-the-crick,https,404,Not Found,None,Not Found,None,Not Set,Google Analytics,0,0.0,,,,,,,,,,,,,,,,,,,,,,,,,
7,https://www.mdmountainside.com/4th-of-july-fire-works,https,404,Not Found,None,Not Found,https://www.mdmountainside.com/4th-of-july-fireworks,3,Crawler,1,2.3,https://www.mdmountainside.com/4th-of-july-fireworks,Rocky Gap Fireworks,No,Content,No,,,,,,,,,,,,,,,,,,,,
8,https://www.mdmountainside.com/4th-of-july-plaque-reading,https,404,Not Found,None,Not Found,https://www.mdmountainside.com/4th-of-july-fireworks,3,Crawler,1,2.3,https://www.mdmountainside.com/4th-of-july-fireworks,4th of July Plaque Reading,No,Content,No,,,,,,,,,,,,,,,,,,,,
9,https://www.mdmountainside.com/6th-annual-casa-wine-and-craft-beer-festival,https,404,Not Found,None,Not Found,None,Not Set,Google Analytics,0,0.0,,,,,,,,,,,,,,,,,,,,,,,,,
10,https://www.mdmountainside.com/a-streetcar-named-desire,https,404,Not Found,None,Not Found,None,Not Set,Google Analytics,0,0.0,,,,,,,,,,,,,,,,,,,,,,,,,
11,https://www.mdmountainside.com/allegany-county-fair-2019,https,404,Not Found,None,Not Found,None,Not Set,Google Analytics,0,0.0,,,,,,,,,,,,,,,,,,,,,,,,,
12,https://www.mdmountainside.com/amish-outlaws-live,https,404,Not Found,None,Not Found,https://www.mdmountainside.com/blog/summer-of-music,2,Crawler,1,2.3,https://www.mdmountainside.com/blog/summer-of-music,Amish Outlaws,No,Content,No,,,,,,,,,,,,,,,,,,,,
13,https://www.mdmountainside.com/an-intimate-evening-with-bowman-bowman-and-dre,https,404,Not Found,None,Not Found,None,Not Set,Google Analytics,0,0.0,,,,,,,,,,,,,,,,,,,,,,,,,
14,https://www.mdmountainside.com/art-and-yoga-2,https,404,Not Found,None,Not Found,None,Not Set,Google Analytics,0,0.0,,,,,,,,,,,,,,,,,,,,,,,,,
15,https://www.mdmountainside.com/battle-of-folcks-mill-commemoration-at-1812-brewery,https,404,Not Found,None,Not Found,None,Not Set,Google Analytics,0,0.0,,,,,,,,,,,,,,,,,,,,,,,,,
16,https://www.mdmountainside.com/blurred-lines-deborah-hicks-odgers,https,404,Not Found,None,Not Found,None,Not Set,Google Analytics,0,0.0,,,,,,,,,,,,,,,,,,,,,,,,,
17,https://www.mdmountainside.com/book-discussion-of-heartland-a-memoir-by-sarah-smarsh-2,https,404,Not Found,None,Not Found,None,Not Set,Google Analytics,0,0.0,,,,,,,,,,,,,,,,,,,,,,,,,
18,https://www.mdmountainside.com/breakfast-with-santa-at-mezzos,https,404,Not Found,None,Not Found,https://www.mdmountainside.com/holideal,3,Crawler,1,2.29,https://www.mdmountainside.com/holideal,Breakfast with Santa at Mezzo's,No,Content,No,,,,,,,,,,,,,,,,,,,,
19,https://www.mdmountainside.com/breakfast-with-santa-mezzos-2018,https,404,Not Found,None,Not Found,https://www.mdmountainside.com/holideal,3,Crawler,1,2.29,https://www.mdmountainside.com/holideal,Breakfast with Santa at Mezzo's,No,Content,No,,,,,,,,,,,,,,,,,,,,
20,https://www.mdmountainside.com/cadillac-cowboys-and-maddie-lous-bbq-at-1812-brewery,https,404,Not Found,None,Not Found,None,Not Set,Google Analytics,0,0.0,,,,,,,,,,,,,,,,,,,,,,,,,
21,https://www.mdmountainside.com/casting-crowns,https,404,Not Found,None,Not Found,None,Not Set,Google Analytics,0,0.0,,,,,,,,,,,,,,,,,,,,,,,,,
22,https://www.mdmountainside.com/category/assemblies_of_god,https,404,Not Found,None,Not Found,None,Not Set,Google Analytics,0,0.0,,,,,,,,,,,,,,,,,,,,,,,,,
23,https://www.mdmountainside.com/category/fishing,https,404,Not Found,None,Not Found,None,Not Set,Google Analytics,0,0.0,,,,,,,,,,,,,,,,,,,,,,,,,
24,https://www.mdmountainside.com/category/jewish_temple,https,404,Not Found,None,Not Found,None,Not Set,Google Analytics,0,0.0,,,,,,,,,,,,,,,,,,,,,,,,,
25,https://www.mdmountainside.com/coffee-with-a-writer-amy-gottfried,https,404,Not Found,None,Not Found,None,Not Set,Google Analytics,0,0.0,,,,,,,,,,,,,,,,,,,,,,,,,
26,https://www.mdmountainside.com/countdown-to-delfest-brunch-with-jason-mcdonald,https,404,Not Found,None,Not Found,None,Not Set,Google Analytics,0,0.0,,,,,,,,,,,,,,,,,,,,,,,,,
27,https://www.mdmountainside.com/cramer-brothers-wtim-haines-good-carma-catering-at-1812-brewery,https,404,Not Found,None,Not Found,None,Not Set,Google Analytics,0,0.0,,,,,,,,,,,,,,,,,,,,,,,,,
28,https://www.mdmountainside.com/cumberland-pride-festival,https,404,Not Found,None,Not Found,None,Not Set,Google Analytics,0,0.0,,,,,,,,,,,,,,,,,,,,,,,,,
29,https://www.mdmountainside.com/dans-mountain-pool-dollar-dip,https,404,Not Found,None,Not Found,None,Not Set,Google Analytics,0,0.0,,,,,,,,,,,,,,,,,,,,,,,,,
30,https://www.mdmountainside.com/deeper-community-night-of-worship,https,404,Not Found,None,Not Found,None,Not Set,Google Analytics,0,0.0,,,,,,,,,,,,,,,,,,,,,,,,,
31,https://www.mdmountainside.com/delfest-2019,https,404,Not Found,None,Not Found,https://www.mdmountainside.com/blog/spring-bucket-list,3,Crawler,1,2.3,https://www.mdmountainside.com/blog/spring-bucket-list,DelFest,No,Content,No,,,,,,,,,,,,,,,,,,,,
32,https://www.mdmountainside.com/derby-day-2019,https,404,Not Found,None,Not Found,https://www.mdmountainside.com/4th-of-july-fireworks,3,Crawler,1,2.3,https://www.mdmountainside.com/4th-of-july-fireworks,Frostburg Elk’s Derby Day,No,Content,No,,,,,,,,,,,,,,,,,,,,
33,https://www.mdmountainside.com/dirty-mae-live-on-the-mccoury-family-stage-2,https,404,Not Found,None,Not Found,None,Not Set,Google Analytics,0,0.0,,,,,,,,,,,,,,,,,,,,,,,,,
34,https://www.mdmountainside.com/dr-frankenmakers-lab-4,https,404,Not Found,None,Not Found,None,Not Set,Google Analytics,0,0.0,,,,,,,,,,,,,,,,,,,,,,,,,
35,https://www.mdmountainside.com/driftwood-live-on-the-mccoury-family-stage,https,404,Not Found,None,Not Found,None,Not Set,Google Analytics,0,0.0,,,,,,,,,,,,,,,,,,,,,,,,,
36,https://www.mdmountainside.com/drive-in-fly-in-3,https,404,Not Found,None,Not Found,None,Not Set,Google Analytics,0,0.0,,,,,,,,,,,,,,,,,,,,,,,,,
37,https://www.mdmountainside.com/event/jul-2012-national_roller_hockey_championship,https,404,Not Found,None,Not Found,None,Not Set,Google Analytics,0,0.0,,,,,,,,,,,,,,,,,,,,,,,,,
38,https://www.mdmountainside.com/event/sep-2012-sean_keane,https,404,Not Found,None,Not Found,None,Not Set,Google Analytics,0,0.0,,,,,,,,,,,,,,,,,,,,,,,,,
39,https://www.mdmountainside.com/evergreen-herb-expo,https,404,Not Found,None,Not Found,None,Not Set,Google Analytics,0,0.0,,,,,,,,,,,,,,,,,,,,,,,,,
40,https://www.mdmountainside.com/flower-and-plant-sale-in-downtown-cumberland,https,404,Not Found,None,Not Found,None,Not Set,Google Analytics,0,0.0,,,,,,,,,,,,,,,,,,,,,,,,,
41,https://www.mdmountainside.com/fred-n-josh-plus-chef-pauls-kitchen-at-1812-brewery,https,404,Not Found,None,Not Found,None,Not Set,Google Analytics,0,0.0,,,,,,,,,,,,,,,,,,,,,,,,,
42,https://www.mdmountainside.com/fred-n-josh-plus-klavuhn-wood-fired-concessions-at-1812-brewery,https,404,Not Found,None,Not Found,None,Not Set,Google Analytics,0,0.0,,,,,,,,,,,,,,,,,,,,,,,,,
43,https://www.mdmountainside.com/george-washingtons-whiskey-rebellion-fest,https,404,Not Found,None,Not Found,None,Not Set,Google Analytics,0,0.0,,,,,,,,,,,,,,,,,,,,,,,,,
44,https://www.mdmountainside.com/ghost-tour-of-historic-cumberland-2,https,404,Not Found,None,Not Found,None,Not Set,Google Analytics,0,0.0,,,,,,,,,,,,,,,,,,,,,,,,,
45,https://www.mdmountainside.com/historic-national-road-yard-sale-in-downtown-cumberland-md,https,404,Not Found,None,Not Found,None,Not Set,Google Analytics,0,0.0,,,,,,,,,,,,,,,,,,,,,,,,,
46,https://www.mdmountainside.com/jay-dewire-piano,https,404,Not Found,None,Not Found,None,Not Set,Google Analytics,0,0.0,,,,,,,,,,,,,,,,,,,,,,,,,
47,https://www.mdmountainside.com/joey-harkum-band-live-on-the-mccoury-family-stage,https,404,Not Found,None,Not Found,None,Not Set,Google Analytics,0,0.0,,,,,,,,,,,,,,,,,,,,,,,,,
48,https://www.mdmountainside.com/kemp-lodge-steak-feed,https,404,Not Found,None,Not Found,None,Not Set,Google Analytics,0,0.0,,,,,,,,,,,,,,,,,,,,,,,,,
49,https://www.mdmountainside.com/kix-and-great-white-live,https,404,Not Found,None,Not Found,None,Not Set,Google Analytics,0,0.0,,,,,,,,,,,,,,,,,,,,,,,,,
50,https://www.mdmountainside.com/lambda-car-club-international-grand-invitational,https,404,Not Found,None,Not Found,None,Not Set,Google Analytics,0,0.0,,,,,,,,,,,,,,,,,,,,,,,,,
51,https://www.mdmountainside.com/lanco-in-concert,https,404,Not Found,None,Not Found,None,Not Set,Google Analytics,0,0.0,,,,,,,,,,,,,,,,,,,,,,,,,
52,https://www.mdmountainside.com/lashbaughs-bar-grill,https,404,Not Found,None,Not Found,None,Not Set,Google Analytics,0,0.0,,,,,,,,,,,,,,,,,,,,,,,,,
53,https://www.mdmountainside.com/lefty-grove-memorial-park-dedication,https,404,Not Found,None,Not Found,None,Not Set,Google Analytics,0,0.0,,,,,,,,,,,,,,,,,,,,,,,,,
54,https://www.mdmountainside.com/legally-blonde-the-musical,https,404,Not Found,None,Not Found,None,Not Set,Google Analytics,0,0.0,,,,,,,,,,,,,,,,,,,,,,,,,
55,https://www.mdmountainside.com/lonaconing-fireworks-presented-by-dhs-productions,https,404,Not Found,None,Not Found,https://www.mdmountainside.com/4th-of-july-fireworks,3,Crawler,1,2.3,https://www.mdmountainside.com/4th-of-july-fireworks,Lonaconing Fireworks,No,Content,No,,,,,,,,,,,,,,,,,,,,
56,https://www.mdmountainside.com/loretta-hummel-and-country-grass-live-on-the-mccoury-family-stage,https,404,Not Found,None,Not Found,None,Not Set,Google Analytics,0,0.0,,,,,,,,,,,,,,,,,,,,,,,,,
57,https://www.mdmountainside.com/maplehurst-country-club,https,404,Not Found,None,Not Found,None,Not Set,Google Analytics,0,0.0,,,,,,,,,,,,,,,,,,,,,,,,,
58,https://www.mdmountainside.com/mark-gallagher-clarinet,https,404,Not Found,None,Not Found,None,Not Set,Google Analytics,0,0.0,,,,,,,,,,,,,,,,,,,,,,,,,
59,https://www.mdmountainside.com/midlife-crisis-and-chef-pauls-kitchen-at-1812-brewery,https,404,Not Found,None,Not Found,None,Not Set,Google Analytics,0,0.0,,,,,,,,,,,,,,,,,,,,,,,,,
60,https://www.mdmountainside.com/mountain-maryland-native-plant-festival,https,404,Not Found,None,Not Found,None,Not Set,Google Analytics,0,0.0,,,,,,,,,,,,,,,,,,,,,,,,,
61,https://www.mdmountainside.com/musician-black-guy-fawkes-and-sob-bbq-at-1812-brewery,https,404,Not Found,None,Not Found,None,Not Set,Google Analytics,0,0.0,,,,,,,,,,,,,,,,,,,,,,,,,
62,https://www.mdmountainside.com/musician-dan-stevens,https,404,Not Found,None,Not Found,None,Not Set,Google Analytics,0,0.0,,,,,,,,,,,,,,,,,,,,,,,,,
63,https://www.mdmountainside.com/musician-dan-stevens-klavuhn-family-concessions-at-1812,https,404,Not Found,None,Not Found,None,Not Set,Google Analytics,0,0.0,,,,,,,,,,,,,,,,,,,,,,,,,
64,https://www.mdmountainside.com/musician-gibb-cochrum-and-sob-bbq-at-1812-brewery,https,404,Not Found,None,Not Found,None,Not Set,Google Analytics,0,0.0,,,,,,,,,,,,,,,,,,,,,,,,,
65,https://www.mdmountainside.com/musicians-chris-workman-and-craig-miller,https,404,Not Found,None,Not Found,None,Not Set,Google Analytics,0,0.0,,,,,,,,,,,,,,,,,,,,,,,,,
66,https://www.mdmountainside.com/night-traveler-and-bbq-beast,https,404,Not Found,None,Not Found,None,Not Set,Google Analytics,0,0.0,,,,,,,,,,,,,,,,,,,,,,,,,
67,https://www.mdmountainside.com/night-traveler-and-good-carma-catering-at-1812-brewery2,https,404,Not Found,None,Not Found,None,Not Set,Google Analytics,0,0.0,,,,,,,,,,,,,,,,,,,,,,,,,
68,https://www.mdmountainside.com/noma-exhibition,https,404,Not Found,None,Not Found,None,Not Set,Google Analytics,0,0.0,,,,,,,,,,,,,,,,,,,,,,,,,
69,https://www.mdmountainside.com/oldtown-summerfest,https,404,Not Found,None,Not Found,None,Not Set,Google Analytics,0,0.0,,,,,,,,,,,,,,,,,,,,,,,,,
70,https://www.mdmountainside.com/ole-97-johnny-cashjune-carter-tribute,https,404,Not Found,None,Not Found,None,Not Set,Google Analytics,0,0.0,,,,,,,,,,,,,,,,,,,,,,,,,
71,https://www.mdmountainside.com/original-bluegrass-by-the-plate-scrapers-at-1812-brewery,https,404,Not Found,None,Not Found,None,Not Set,Google Analytics,0,0.0,,,,,,,,,,,,,,,,,,,,,,,,,
72,https://www.mdmountainside.com/pints-and-pilates-at-1812-brewery,https,404,Not Found,None,Not Found,None,Not Set,Google Analytics,0,0.0,,,,,,,,,,,,,,,,,,,,,,,,,
73,https://www.mdmountainside.com/pints-and-pilates-with-trainer-karen-smith-at-1812-brewery,https,404,Not Found,None,Not Found,None,Not Set,Google Analytics,0,0.0,,,,,,,,,,,,,,,,,,,,,,,,,
74,https://www.mdmountainside.com/pirates-ahoy-2019,https,404,Not Found,None,Not Found,None,Not Set,Google Analytics,0,0.0,,,,,,,,,,,,,,,,,,,,,,,,,
75,https://www.mdmountainside.com/red-white-and-bluegrass-with-the-jakobs-ferry-stragglers,https,404,Not Found,None,Not Found,https://www.mdmountainside.com/blog/summer-of-music,2,Crawler,2,2.3,https://www.mdmountainside.com/4th-of-july-fireworks,"RED, WHITE, AND BLUEGRASS W/ JACOB’S FERRY STRAGGLERS",No,Content,No,https://www.mdmountainside.com/blog/summer-of-music,"Red, White, and Bluegrass w/ Jacob's Ferry Stragglers",No,Content,No,,,,,,,,,,,,,,,
76,https://www.mdmountainside.com/relay4life,https,404,Not Found,None,Not Found,None,Not Set,Google Analytics,0,0.0,,,,,,,,,,,,,,,,,,,,,,,,,
77,https://www.mdmountainside.com/route-36-yard-sale,https,404,Not Found,None,Not Found,None,Not Set,Google Analytics,0,0.0,,,,,,,,,,,,,,,,,,,,,,,,,
78,https://www.mdmountainside.com/spring-wine-pairing-dinner-at-toasted-goat,https,404,Not Found,None,Not Found,None,Not Set,Google Analytics,0,0.0,,,,,,,,,,,,,,,,,,,,,,,,,
79,https://www.mdmountainside.com/summer-at-your-library-block-party,https,404,Not Found,None,Not Found,None,Not Set,Google Analytics,0,0.0,,,,,,,,,,,,,,,,,,,,,,,,,
80,https://www.mdmountainside.com/surrender-dorothy-and-good-carma-cathering-at-1812-brewery,https,404,Not Found,None,Not Found,None,Not Set,Google Analytics,0,0.0,,,,,,,,,,,,,,,,,,,,,,,,,
81,https://www.mdmountainside.com/the-color-of-water-western-maryland-watercolor-society-exhibition,https,404,Not Found,None,Not Found,None,Not Set,Google Analytics,0,0.0,,,,,,,,,,,,,,,,,,,,,,,,,
82,https://www.mdmountainside.com/the-glass-menagerie-by-tennessee-williams,https,404,Not Found,None,Not Found,None,Not Set,Google Analytics,0,0.0,,,,,,,,,,,,,,,,,,,,,,,,,
83,https://www.mdmountainside.com/the-golden-gays-and-winnies-rock-cauldron-gay-pride-extravaganza,https,404,Not Found,None,Not Found,None,Not Set,Google Analytics,0,0.0,,,,,,,,,,,,,,,,,,,,,,,,,
84,https://www.mdmountainside.com/the-pros-from-dover-at-the-1812-brewerys-food-truck-fest,https,404,Not Found,None,Not Found,None,Not Set,Google Analytics,0,0.0,,,,,,,,,,,,,,,,,,,,,,,,,
85,https://www.mdmountainside.com/the-rocky-horror-show,https,404,Not Found,None,Not Found,None,Not Set,Google Analytics,0,0.0,,,,,,,,,,,,,,,,,,,,,,,,,
86,https://www.mdmountainside.com/the-royal-train,https,404,Not Found,None,Not Found,None,Not Set,Google Analytics,0,0.0,,,,,,,,,,,,,,,,,,,,,,,,,
87,https://www.mdmountainside.com/the-worn-out-flannels-plus-sob-bbq-at-1812-brewery,https,404,Not Found,None,Not Found,None,Not Set,Google Analytics,0,0.0,,,,,,,,,,,,,,,,,,,,,,,,,
88,https://www.mdmountainside.com/tour-of-burial-site-of-american-revolutionary-war-soldier,https,404,Not Found,None,Not Found,None,Not Set,Google Analytics,0,0.0,,,,,,,,,,,,,,,,,,,,,,,,,
89,https://www.mdmountainside.com/tracy-lawrence-in-concert,https,404,Not Found,None,Not Found,None,Not Set,Google Analytics,0,0.0,,,,,,,,,,,,,,,,,,,,,,,,,
90,https://www.mdmountainside.com/tri-state-wing-off,https,404,Not Found,None,Not Found,https://www.mdmountainside.com/blog/summer-of-music,2,Crawler,2,2.3,https://www.mdmountainside.com/blog/summer-of-music,Tri-State Wing-Off,No,Content,No,https://www.mdmountainside.com/contest-home,Click Here,No,Content,No,,,,,,,,,,,,,,,
91,https://www.mdmountainside.com/tri-state-zoological-park,https,404,Not Found,None,Not Found,None,Not Set,Google Analytics,0,0.0,,,,,,,,,,,,,,,,,,,,,,,,,
92,https://www.mdmountainside.com/ty-johnson-day,https,404,Not Found,None,Not Found,None,Not Set,Google Analytics,0,0.0,,,,,,,,,,,,,,,,,,,,,,,,,
93,https://www.mdmountainside.com/vanilla-ice-and-coolio-live,https,404,Not Found,None,Not Found,https://www.mdmountainside.com/blog/summer-of-music,2,Crawler,1,2.3,https://www.mdmountainside.com/blog/summer-of-music,Vanilla Ice and Coolio,No,Content,No,,,,,,,,,,,,,,,,,,,,
94,https://www.mdmountainside.com/whiskey-paint-and-sip,https,404,Not Found,None,Not Found,None,Not Set,Google Analytics,0,0.0,,,,,,,,,,,,,,,,,,,,,,,,,
95,https://www.mdmountainside.com/wicked-jezabel-live-on-the-mccoury-family-stage,https,404,Not Found,None,Not Found,None,Not Set,Google Analytics,0,0.0,,,,,,,,,,,,,,,,,,,,,,,,,
96,https://www.mdmountainside.com/woodwind-studio-recital,https,404,Not Found,None,Not Found,None,Not Set,Google Analytics,0,0.0,,,,,,,,,,,,,,,,,,,,,,,,,
97,https://www.mdmountainside.com/woof-stock-acass-4th-annual-beer-wine-and-music-festival,https,404,Not Found,None,Not Found,None,Not Set,Google Analytics,0,0.0,,,,,,,,,,,,,,,,,,,,,,,,,
98,https://www.mdmountainside.com/worn-out-flannels-plus-zebs-barbeque-at-1812-brewery,https,404,Not Found,None,Not Found,None,Not Set,Google Analytics,0,0.0,,,,,,,,,,,,,,,,,,,,,,,,,
99,https://www.mdmountainside.com/www.mdmountainside.com,https,404,Not Found,None,Not Found,https://www.mdmountainside.com/fall-in-love-with-the-arts-2018,3,Crawler,2,2.3,https://www.mdmountainside.com/fall-in-love-with-the-arts-2018,www.mdmountainside.com,No,Content,No,https://www.mdmountainside.com/mountain-maryland-photo-contest-2019,mdmountainside.com,No,Content,No,,,,,,,,,,,,,,,
100,https://www.mdmountainside.com/zumba-and-brews-at-1812-brewery,https,404,Not Found,None,Not Found,None,Not Set,Google Analytics,0,0.0,,,,,,,,,,,,,,,,,,,,,,,,,
101,https://www.mdmountainside.com/zumba-and-brews-at-1812-brewery-2,https,404,Not Found,None,Not Found,None,Not Set,Google Analytics,0,0.0,,,,,,,,,,,,,,,,,,,,,,,,,
