,Name,Third Party,Expiration,Domain,URLs,Example Linking URL 1,Example Linking URL 2,Example Linking URL 3,Example Linking URL 4,Example Linking URL 5
0,tfw_exp,Yes,24 Hours,.twitter.com,3,https://www.mdmountainside.com/contest-home?fbclid=IwAR0Yfm33iuos4egB5I_YQaD4QFnmVg1go131jwDVa3QpBJGp8pZGkDNIcBA,https://www.mdmountainside.com/contest-home?fbclid=IwAR1rqV0KzozimLAq2_V0UGFN8hJRMT7qVLV2usZOSeZkuBEojQT0AGnfeGk,https://www.mdmountainside.com/contest-home,,
1,ab_t,Yes,60 Minutes,.vimeo.com,1,https://www.mdmountainside.com/blog/he-really-did-sleep-here-george-washington-in-allegany-county,,,,
2,vuid,Yes,2 Years,.vimeo.com,1,https://www.mdmountainside.com/blog/he-really-did-sleep-here-george-washington-in-allegany-county,,,,
3,GPS,Yes,30 Minutes,.youtube.com,6,https://www.mdmountainside.com/summer-of-heritage,https://www.mdmountainside.com/byways,https://www.mdmountainside.com/news/enterprise-rent-a-car-films-in-cumberland-md,https://www.mdmountainside.com/blog/made-in-allegany-county-md,https://www.mdmountainside.com/top-10-fall-activities
4,VISITOR_INFO1_LIVE,Yes,180 Days,.youtube.com,6,https://www.mdmountainside.com/summer-of-heritage,https://www.mdmountainside.com/byways,https://www.mdmountainside.com/news/enterprise-rent-a-car-films-in-cumberland-md,https://www.mdmountainside.com/blog/made-in-allegany-county-md,https://www.mdmountainside.com/top-10-fall-activities
5,YSC,Yes,End of Session,.youtube.com,6,https://www.mdmountainside.com/summer-of-heritage,https://www.mdmountainside.com/byways,https://www.mdmountainside.com/news/enterprise-rent-a-car-films-in-cumberland-md,https://www.mdmountainside.com/blog/made-in-allegany-county-md,https://www.mdmountainside.com/top-10-fall-activities
6,L-ZVwFN,Yes,24 Hours,gleam.io,3,https://www.mdmountainside.com/contest-home?fbclid=IwAR0Yfm33iuos4egB5I_YQaD4QFnmVg1go131jwDVa3QpBJGp8pZGkDNIcBA,https://www.mdmountainside.com/contest-home?fbclid=IwAR1rqV0KzozimLAq2_V0UGFN8hJRMT7qVLV2usZOSeZkuBEojQT0AGnfeGk,https://www.mdmountainside.com/contest-home,,
7,PP-ZVwFN,Yes,60 Minutes,gleam.io,3,https://www.mdmountainside.com/contest-home?fbclid=IwAR0Yfm33iuos4egB5I_YQaD4QFnmVg1go131jwDVa3QpBJGp8pZGkDNIcBA,https://www.mdmountainside.com/contest-home?fbclid=IwAR1rqV0KzozimLAq2_V0UGFN8hJRMT7qVLV2usZOSeZkuBEojQT0AGnfeGk,https://www.mdmountainside.com/contest-home,,
8,RL-ZVwFN,Yes,24 Hours,gleam.io,3,https://www.mdmountainside.com/contest-home?fbclid=IwAR0Yfm33iuos4egB5I_YQaD4QFnmVg1go131jwDVa3QpBJGp8pZGkDNIcBA,https://www.mdmountainside.com/contest-home?fbclid=IwAR1rqV0KzozimLAq2_V0UGFN8hJRMT7qVLV2usZOSeZkuBEojQT0AGnfeGk,https://www.mdmountainside.com/contest-home,,
9,XSRF-TOKEN,Yes,End of Session,gleam.io,3,https://www.mdmountainside.com/contest-home?fbclid=IwAR0Yfm33iuos4egB5I_YQaD4QFnmVg1go131jwDVa3QpBJGp8pZGkDNIcBA,https://www.mdmountainside.com/contest-home?fbclid=IwAR1rqV0KzozimLAq2_V0UGFN8hJRMT7qVLV2usZOSeZkuBEojQT0AGnfeGk,https://www.mdmountainside.com/contest-home,,
10,_app_session,Yes,28 Days,gleam.io,3,https://www.mdmountainside.com/contest-home?fbclid=IwAR0Yfm33iuos4egB5I_YQaD4QFnmVg1go131jwDVa3QpBJGp8pZGkDNIcBA,https://www.mdmountainside.com/contest-home?fbclid=IwAR1rqV0KzozimLAq2_V0UGFN8hJRMT7qVLV2usZOSeZkuBEojQT0AGnfeGk,https://www.mdmountainside.com/contest-home,,
11,_gfpc,Yes,End of Session,gleam.io,3,https://www.mdmountainside.com/contest-home?fbclid=IwAR0Yfm33iuos4egB5I_YQaD4QFnmVg1go131jwDVa3QpBJGp8pZGkDNIcBA,https://www.mdmountainside.com/contest-home?fbclid=IwAR1rqV0KzozimLAq2_V0UGFN8hJRMT7qVLV2usZOSeZkuBEojQT0AGnfeGk,https://www.mdmountainside.com/contest-home,,
12,owner_token,Yes,24 Hours,gleam.io,3,https://www.mdmountainside.com/contest-home?fbclid=IwAR0Yfm33iuos4egB5I_YQaD4QFnmVg1go131jwDVa3QpBJGp8pZGkDNIcBA,https://www.mdmountainside.com/contest-home?fbclid=IwAR1rqV0KzozimLAq2_V0UGFN8hJRMT7qVLV2usZOSeZkuBEojQT0AGnfeGk,https://www.mdmountainside.com/contest-home,,
13,_rwgps_3_session,Yes,End of Session,ridewithgps.com,1,https://www.mdmountainside.com/cycling,,,,
14,AWSALB,No,7 Days,www.mdmountainside.com,1144,https://www.mdmountainside.com/eat-and-drink,https://www.mdmountainside.com/places-to-stay,https://www.mdmountainside.com/cabins-and-campgrounds,https://www.mdmountainside.com/brews-wines-and-spirits,https://www.mdmountainside.com/hotels-and-motels
