,URL,No. JavaScript (Async) Files,No. JavaScript (Sync) Files,No. JavaScript (HTTP/2) Files,No. JavaScript Files,JavaScript Found in Head
0,https://www.mdmountainside.com/,6,-6,11,11,Yes
1,https://www.mdmountainside.com/10th-annual-mountain-maryland-plein-air,7,-7,8,8,Yes
2,https://www.mdmountainside.com/1812-brewery,7,-7,8,8,Yes
3,https://www.mdmountainside.com/1812-brewery-farmerscraftsflea-market,7,-7,8,8,Yes
4,https://www.mdmountainside.com/1812-brewery-farmerscraftsflea-market2,7,-7,8,8,Yes
5,https://www.mdmountainside.com/1812-brewery-farmerscraftsflea-market23,7,-7,8,8,Yes
6,https://www.mdmountainside.com/1812-brewery-farmerscraftsflea-market234,7,-7,8,8,Yes
7,https://www.mdmountainside.com/1812-brewery-holiday-flea-market-and-brunch-with-santa,5,-5,6,6,Yes
8,https://www.mdmountainside.com/1812-brewery-presents-musician-gibb-cochrum-and-food-by-chef-pauls-kitchen,7,-7,8,8,Yes
9,https://www.mdmountainside.com/1812-brewery-presents-musician-jacob-blank-and-bbq-beast,5,-5,6,6,Yes
10,https://www.mdmountainside.com/1812-octobeerfest-dinner-with-good-carma-catering,7,-7,8,8,Yes
11,https://www.mdmountainside.com/1812s-howl-o-ween-party,7,-7,8,8,Yes
12,https://www.mdmountainside.com/18th-annual-labor-day-supercruise,7,-7,8,8,Yes
13,https://www.mdmountainside.com/1978-bishop-walsh-city-championship-football-reunion-with-night-traveler-and-wamba-caravan-89,4,-4,8,8,Yes
14,https://www.mdmountainside.com/2018-cumberland-holiday-historic-home-tour,4,-4,8,8,Yes
15,https://www.mdmountainside.com/2018-halloween-bash-with-rubix-kube,4,-4,8,8,Yes
16,https://www.mdmountainside.com/2018-western-maryland-kidney-ride,4,-4,8,8,Yes
17,https://www.mdmountainside.com/2019-destination-guide,5,-5,6,6,Yes
18,https://www.mdmountainside.com/2nd-annual-ugly-christmas-sweater-party-at-1812-brewery,4,-4,8,8,Yes
19,https://www.mdmountainside.com/2nd-annual-ymca-dragons-on-the-lake,7,-7,8,8,Yes
20,https://www.mdmountainside.com/30th-annual-iron-furnace-5k-and-fun-walk,7,-7,8,8,Yes
21,https://www.mdmountainside.com/32nd-annual-coney-days-coney-days-campfire,4,-4,8,8,Yes
22,https://www.mdmountainside.com/32nd-annual-coney-days-sunday-in-the-park,7,-7,8,8,Yes
23,https://www.mdmountainside.com/3m-challenge-bike-ride,7,-7,8,8,Yes
24,https://www.mdmountainside.com/4th-annual-brush-tunnel-marathon-and-half-marathon,7,-7,8,8,Yes
25,https://www.mdmountainside.com/4th-of-july-fireworks,5,-5,6,6,Yes
26,https://www.mdmountainside.com/5th-annual-gap-marathon-and-half-marathon,7,-7,8,8,Yes
27,https://www.mdmountainside.com/5th-annual-howards-run-festival,5,-5,6,6,Yes
28,https://www.mdmountainside.com/5th-last-dale-murray-memorial-benefit-motorcycle-ride,7,-7,8,8,Yes
29,https://www.mdmountainside.com/69th-annual-south-cumberland-business-and-civic-association-marsha-l-thomas-memorial-halloween-parade,5,-5,6,6,Yes
30,https://www.mdmountainside.com/7-cs-lodging,7,-7,8,8,Yes
31,https://www.mdmountainside.com/9-north-centre-for-the-arts,4,-4,8,8,Yes
32,https://www.mdmountainside.com/Delfest,5,-5,6,6,Yes
33,https://www.mdmountainside.com/a-festival-of-lessons-and-carols-for-christmas,5,-5,6,6,Yes
34,https://www.mdmountainside.com/about,5,-5,6,6,Yes
35,https://www.mdmountainside.com/about-allegany-county-tourism,5,-5,6,6,Yes
36,https://www.mdmountainside.com/accent-on-health-chiropractic-massage,7,-7,8,8,Yes
37,https://www.mdmountainside.com/acre-coworking,4,-4,8,8,Yes
38,https://www.mdmountainside.com/al-gar-federal-credit-union,7,-7,8,8,Yes
39,https://www.mdmountainside.com/aldi-grocery-store,7,-7,8,8,Yes
40,https://www.mdmountainside.com/ali-ghan-shrine-club,4,-4,8,8,Yes
41,https://www.mdmountainside.com/allegania,4,-4,8,8,Yes
42,https://www.mdmountainside.com/allegany-arts-council,7,-7,8,8,Yes
43,https://www.mdmountainside.com/allegany-chiropractic-center,7,-7,8,8,Yes
44,https://www.mdmountainside.com/allegany-college-of-maryland,7,-7,8,8,Yes
45,https://www.mdmountainside.com/allegany-county-fair-ag-expo,7,-7,8,8,Yes
46,https://www.mdmountainside.com/allegany-county-fairgrounds,7,-7,8,8,Yes
47,https://www.mdmountainside.com/allegany-county-library-system,7,-7,8,8,Yes
48,https://www.mdmountainside.com/allegany-county-march-for-babies,7,-7,8,8,Yes
49,https://www.mdmountainside.com/allegany-county-restaurant-week,7,-7,8,8,Yes
50,https://www.mdmountainside.com/allegany-county-restaurant-week-2018,5,-5,6,6,Yes
51,https://www.mdmountainside.com/allegany-county-schools,7,-7,8,8,Yes
52,https://www.mdmountainside.com/allegany-county-teachers-credit-union,7,-7,8,8,Yes
53,https://www.mdmountainside.com/allegany-county-transit-,5,-5,6,6,Yes
54,https://www.mdmountainside.com/allegany-county-visitor-center,7,-7,8,8,Yes
55,https://www.mdmountainside.com/allegany-liquor-store,7,-7,8,8,Yes
56,https://www.mdmountainside.com/allegany-museum,7,-7,8,8,Yes
57,https://www.mdmountainside.com/allegheny-trail-house-bed-breakfast,7,-7,8,8,Yes
58,https://www.mdmountainside.com/alpacas-at-rivers-edge-farm,7,-7,8,8,Yes
59,https://www.mdmountainside.com/an-evening-at-1812-with-gibb-cochrum-and-mighty-kimchi-food-truck,7,-7,8,8,Yes
60,https://www.mdmountainside.com/annies-sleep-center,7,-7,8,8,Yes
61,https://www.mdmountainside.com/appalachia-awakening,7,-7,8,8,Yes
62,https://www.mdmountainside.com/appalachian-festival,7,-7,8,8,Yes
63,https://www.mdmountainside.com/appels-gateway,7,-7,8,8,Yes
64,https://www.mdmountainside.com/applebees-restaurant,4,-4,8,8,Yes
65,https://www.mdmountainside.com/apples-east-coast-motorcycle-rally,7,-7,8,8,Yes
66,https://www.mdmountainside.com/arbys,7,-7,8,8,Yes
67,https://www.mdmountainside.com/ark-candles-soaps,7,-7,8,8,Yes
68,https://www.mdmountainside.com/around-the-back-family-chiropractic,7,-7,8,8,Yes
69,https://www.mdmountainside.com/art-exhibit-by-sheri-sensabaugh-the-fabric-of-my-life,4,-4,8,8,Yes
70,https://www.mdmountainside.com/art-exhibition-art-and-soul-ii-by-susan-g-devan,7,-7,8,8,Yes
71,https://www.mdmountainside.com/arts-and-culture,7,-7,8,8,Yes
72,https://www.mdmountainside.com/aspen-dental,7,-7,8,8,Yes
73,https://www.mdmountainside.com/azads-of-cumberland-at-the-qashqai-gallery,7,-7,8,8,Yes
74,https://www.mdmountainside.com/b-rads-pizza,7,-7,8,8,Yes
75,https://www.mdmountainside.com/back-by-popular-demand-the-fly-birds,7,-7,8,8,Yes
76,https://www.mdmountainside.com/baltimore-street-collectibles,7,-7,8,8,Yes
77,https://www.mdmountainside.com/baltimore-street-grill,4,-4,8,8,Yes
78,https://www.mdmountainside.com/banana-leaf,7,-7,8,8,Yes
79,https://www.mdmountainside.com/banks,7,-7,8,8,Yes
80,https://www.mdmountainside.com/barbaras-hallmark,7,-7,8,8,Yes
81,https://www.mdmountainside.com/bark4life,7,-7,8,8,Yes
82,https://www.mdmountainside.com/barkin-basement-thrift-shop,7,-7,8,8,Yes
83,https://www.mdmountainside.com/barkin-basement-thrift-shop-sidewalk-sale,7,-7,8,8,Yes
84,https://www.mdmountainside.com/bars-and-nighttlife,7,-7,8,8,Yes
85,https://www.mdmountainside.com/bartons-towing-auto-service,7,-7,8,8,Yes
86,https://www.mdmountainside.com/basecamp-coffee-company,3,-3,8,8,Yes
87,https://www.mdmountainside.com/baxters-gourmet-catering,5,-5,6,6,Yes
88,https://www.mdmountainside.com/bay-runner-shuttle,5,-5,6,6,Yes
89,https://www.mdmountainside.com/bb-country-meats,4,-4,8,8,Yes
90,https://www.mdmountainside.com/beckmans-greene-street-pharmacy-inc,7,-7,8,8,Yes
91,https://www.mdmountainside.com/bed-and-breakfasts,7,-7,8,8,Yes
92,https://www.mdmountainside.com/beer-pairing-dinner-featuring-1812-brewery-and-good-carma-catering,7,-7,8,8,Yes
93,https://www.mdmountainside.com/beer-wine-spirits-,7,-7,8,8,Yes
94,https://www.mdmountainside.com/beginnings-montessori,3,-3,8,8,Yes
95,https://www.mdmountainside.com/ber-chayim-temple-,3,-3,8,8,Yes
96,https://www.mdmountainside.com/best-of-the-blue-ridge-2019,3,-3,6,6,Yes
97,https://www.mdmountainside.com/best-western-braddock,4,-4,8,8,Yes
98,https://www.mdmountainside.com/bethel-holiness-church,4,-4,8,8,Yes
99,https://www.mdmountainside.com/big-lots,7,-7,8,8,Yes
100,https://www.mdmountainside.com/bills-place,7,-7,8,8,Yes
101,https://www.mdmountainside.com/black-guy-fawkes-on-stage-at-1812-brewery,7,-7,8,8,Yes
102,https://www.mdmountainside.com/black-guy-fawkes-plus-good-carma-catering-at-1812-brewery,7,-7,8,8,Yes
103,https://www.mdmountainside.com/black-oak-bottom-boat-access,4,-4,8,8,Yes
104,https://www.mdmountainside.com/blog,5,-5,6,6,Yes
105,https://www.mdmountainside.com/blog/allegany-county-ice-cream-trail,5,-5,6,6,Yes
106,https://www.mdmountainside.com/blog/best-places-to-cool-off,5,-5,6,6,Yes
107,https://www.mdmountainside.com/blog/cumberland-historic-walking-tour,5,-5,6,6,Yes
108,https://www.mdmountainside.com/blog/favorite-places-for-a-warm-drink-on-a-cold-day,5,-5,6,6,Yes
109,https://www.mdmountainside.com/blog/happy-mlb-opening-day,5,-5,6,6,Yes
110,https://www.mdmountainside.com/blog/he-really-did-sleep-here-george-washington-in-allegany-county,5,-5,8,8,Yes
111,https://www.mdmountainside.com/blog/love-is-in-the-mountain-maryland-air,5,-5,6,6,Yes
112,https://www.mdmountainside.com/blog/made-in-allegany-county-md,5,-5,6,6,Yes
113,https://www.mdmountainside.com/blog/mothers-day-in-mountain-maryland,5,-5,6,6,Yes
114,https://www.mdmountainside.com/blog/mountain-maryland-easter-egg-hunts,5,-5,6,6,Yes
115,https://www.mdmountainside.com/blog/must-do-winter-activities,5,-5,6,6,Yes
116,https://www.mdmountainside.com/blog/national-day-of-unplugging,5,-5,6,6,Yes
117,https://www.mdmountainside.com/blog/plan-for-vacation-day,5,-5,6,6,Yes
118,https://www.mdmountainside.com/blog/spooktacular-halloween-activities-2018,4,-4,6,6,Yes
119,https://www.mdmountainside.com/blog/spring-bucket-list,5,-5,6,6,Yes
120,https://www.mdmountainside.com/blog/summer-bucket-list,4,-4,6,6,Yes
121,https://www.mdmountainside.com/blog/summer-of-music,5,-5,6,6,Yes
122,https://www.mdmountainside.com/blog/top-activities-for-the-whole-family,5,-5,6,6,Yes
123,https://www.mdmountainside.com/blog/top-five-reasons-to-bike-allegany-county-md,5,-5,6,6,Yes
124,https://www.mdmountainside.com/blog/top-places-for-a-great-margarita-in-allegany-county-md,5,-5,6,6,Yes
125,https://www.mdmountainside.com/blog/top-places-to-dine-al-fresco-allegany-county-the-mountain-side-of-maryland,5,-5,6,6,Yes
126,https://www.mdmountainside.com/blog/unforgettable-leaf-peeping-locations,4,-4,6,6,Yes
127,https://www.mdmountainside.com/blog/why-do-you-enjoy-cycling-in-mountain-maryland,5,-5,6,6,Yes
128,https://www.mdmountainside.com/blog/your-guide-to-small-business-saturday,5,-5,6,6,Yes
129,https://www.mdmountainside.com/blue-highway-concert,5,-5,6,6,Yes
130,https://www.mdmountainside.com/bob-evans-restaurant-,7,-7,8,8,Yes
131,https://www.mdmountainside.com/bonds-landing-boat-access,4,-4,8,8,Yes
132,https://www.mdmountainside.com/breakfast-with-the-elves-2018,5,-5,6,6,Yes
133,https://www.mdmountainside.com/brews-wines-and-spirits,7,-7,8,8,Yes
134,https://www.mdmountainside.com/buckleys-24-hr-towing,4,-4,8,8,Yes
135,https://www.mdmountainside.com/buffalo-wild-wings,7,-7,8,8,Yes
136,https://www.mdmountainside.com/busters-treats,5,-5,6,6,Yes
137,https://www.mdmountainside.com/buttercup-boutique,7,-7,8,8,Yes
138,https://www.mdmountainside.com/byways,5,-5,6,6,Yes
139,https://www.mdmountainside.com/c-o-canal-national-park-camping,5,-5,6,6,Yes
140,https://www.mdmountainside.com/c-william-gilchrist-gallery-and-museum,7,-7,8,8,Yes
141,https://www.mdmountainside.com/cabins-and-campgrounds,7,-7,8,8,Yes
142,https://www.mdmountainside.com/cafe-mark,7,-7,8,8,Yes
143,https://www.mdmountainside.com/calvary-baptist-church-calvary-christian-academy,4,-4,8,8,Yes
144,https://www.mdmountainside.com/calvary-bible-church--independent-baptist,7,-7,8,8,Yes
145,https://www.mdmountainside.com/camp-potomac,7,-7,8,8,Yes
146,https://www.mdmountainside.com/canal-boat-replica-the-cumberland,7,-7,8,8,Yes
147,https://www.mdmountainside.com/canal-place-farmers-market,7,-7,8,8,Yes
148,https://www.mdmountainside.com/canal-place-heritage-park,7,-7,8,8,Yes
149,https://www.mdmountainside.com/canine-couture,7,-7,8,8,Yes
150,https://www.mdmountainside.com/caporales-bakery-inc,7,-7,8,8,Yes
151,https://www.mdmountainside.com/cartridges-galore,7,-7,8,8,Yes
152,https://www.mdmountainside.com/casinos,7,-7,8,8,Yes
153,https://www.mdmountainside.com/catering,7,-7,8,8,Yes
154,https://www.mdmountainside.com/centenary-united-methodist-church,7,-7,8,8,Yes
155,https://www.mdmountainside.com/central-assembly-of-god,7,-7,8,8,Yes
156,https://www.mdmountainside.com/ces-at-frostburg-state-university,7,-7,8,8,Yes
157,https://www.mdmountainside.com/ces-at-frostburg-state-university-presents-1st-project,7,-7,8,8,Yes
158,https://www.mdmountainside.com/ces-at-frostburg-state-university-presents-an-evening-with-jo-dee-messina,7,-7,8,8,Yes
159,https://www.mdmountainside.com/ces-at-frostburg-state-university-presents-banda-magda,7,-7,8,8,Yes
160,https://www.mdmountainside.com/ces-at-frostburg-state-university-presents-carol-of-the-king-the-irish-dance-christmas-spectacular,5,-5,6,6,Yes
161,https://www.mdmountainside.com/ces-at-frostburg-state-university-presents-catapult-the-amazing-magic-of-shadow-dance,7,-7,8,8,Yes
162,https://www.mdmountainside.com/ces-at-frostburg-state-university-presents-christian-sands-trio,3,-3,8,8,Yes
163,https://www.mdmountainside.com/ces-at-frostburg-state-university-presents-cirque-flip-fabrique-in-blizzard,3,-3,8,8,Yes
164,https://www.mdmountainside.com/ces-at-frostburg-state-university-presents-cirque-mei-elite-circus-artists-and-acrobats-of-hebei-china,4,-4,8,8,Yes
165,https://www.mdmountainside.com/ces-at-frostburg-state-university-presents-crys-matthews,4,-4,8,8,Yes
166,https://www.mdmountainside.com/ces-at-frostburg-state-university-presents-crys-matthews-workshop-sing-dont-shout-an-alternative-approach,7,-7,8,8,Yes
167,https://www.mdmountainside.com/ces-at-frostburg-state-university-presents-derek-brown-featuring-fsu-jazz-orchestra-and-faculty,7,-7,8,8,Yes
168,https://www.mdmountainside.com/ces-at-frostburg-state-university-presents-ghost-note,7,-7,8,8,Yes
169,https://www.mdmountainside.com/ces-at-frostburg-state-university-presents-jeff-coffin-and-roy-wooten,7,-7,8,8,Yes
170,https://www.mdmountainside.com/ces-at-frostburg-state-university-presents-kaia-kater-with-anna-and-elizabeth,4,-4,8,8,Yes
171,https://www.mdmountainside.com/ces-at-frostburg-state-university-presents-malamanya,4,-4,8,8,Yes
172,https://www.mdmountainside.com/ces-at-frostburg-state-university-presents-maryland-symphony-orchestra-immortal-mozart-schuberts-fifth-symphony,4,-4,8,8,Yes
173,https://www.mdmountainside.com/ces-at-frostburg-state-university-presents-maryland-symphony-orchestra-in-the-american-symphony,4,-4,8,8,Yes
174,https://www.mdmountainside.com/ces-at-frostburg-state-university-presents-ren-marie-and-experiment-in-truth,4,-4,8,8,Yes
175,https://www.mdmountainside.com/ces-at-frostburg-state-university-presents-russian-national-ballet-in-don-quixote,7,-7,8,8,Yes
176,https://www.mdmountainside.com/ces-at-frostburg-state-university-presents-russian-national-ballet-in-giselle,7,-7,8,8,Yes
177,https://www.mdmountainside.com/ces-at-frostburg-state-university-presents-six-appeal,7,-7,8,8,Yes
178,https://www.mdmountainside.com/ces-at-frostburg-state-university-presents-songs-of-ireland-a-celtic-celebration,7,-7,8,8,Yes
179,https://www.mdmountainside.com/ces-at-frostburg-state-university-presents-stacey-kay,4,-4,8,8,Yes
180,https://www.mdmountainside.com/ces-at-frostburg-state-university-presents-terry-barber-countertenor-in-christmas-presence,7,-7,8,8,Yes
181,https://www.mdmountainside.com/ces-at-frostburg-state-university-presents-the-brubeck-brothers-quartet-celebrates-dave-brubecks-centennial,7,-7,8,8,Yes
182,https://www.mdmountainside.com/ces-at-frostburg-state-university-presents-the-lique,7,-7,8,8,Yes
183,https://www.mdmountainside.com/ces-at-frostburg-state-university-presents-thomas-pandolfi-into-the-night-with-gershwin,7,-7,8,8,Yes
184,https://www.mdmountainside.com/ces-at-frostburg-state-university-presents-veronica-swift,7,-7,8,8,Yes
185,https://www.mdmountainside.com/ces-concert-series-presents-an-evening-with-leann-rimes,7,-7,8,8,Yes
186,https://www.mdmountainside.com/ces-presents-dom-flemons-in-the-appalachian-festival-capstone-concert,7,-7,8,8,Yes
187,https://www.mdmountainside.com/charis-winery-distillery,7,-7,8,8,Yes
188,https://www.mdmountainside.com/charlies-motel,7,-7,8,8,Yes
189,https://www.mdmountainside.com/chco-revolutionary-war-plaque-reading,7,-7,8,8,Yes
190,https://www.mdmountainside.com/chef-pauls,5,-5,6,6,Yes
191,https://www.mdmountainside.com/chessie-federal-credit-union,7,-7,8,8,Yes
192,https://www.mdmountainside.com/chick-fil-a-at-queen-city-centre,7,-7,8,8,Yes
193,https://www.mdmountainside.com/chick-fil-a-country-club-mall,7,-7,8,8,Yes
194,https://www.mdmountainside.com/chick-fil-a-lavale,3,-3,8,8,Yes
195,https://www.mdmountainside.com/chicken-coupe,5,-5,6,6,Yes
196,https://www.mdmountainside.com/chinese-bandits-and-cruise-in-at-windsor-castle,4,-4,8,8,Yes
197,https://www.mdmountainside.com/chopsticks-chinese-restaurant,7,-7,8,8,Yes
198,https://www.mdmountainside.com/christ-lutheran-church,7,-7,8,8,Yes
199,https://www.mdmountainside.com/christ-memorial-baptist-church,4,-4,8,8,Yes
200,https://www.mdmountainside.com/christ-united-methodist-church,7,-7,8,8,Yes
201,https://www.mdmountainside.com/christmas-city-express-morning-excursion,7,-7,8,8,Yes
202,https://www.mdmountainside.com/church-of-jesus-christ-of-latter-day-saints,7,-7,8,8,Yes
203,https://www.mdmountainside.com/church-of-the-brethren,7,-7,8,8,Yes
204,https://www.mdmountainside.com/churches,7,-7,8,8,Yes
205,https://www.mdmountainside.com/circle-k,7,-7,8,8,Yes
206,https://www.mdmountainside.com/city-lights-american-grill-bar,7,-7,8,8,Yes
207,https://www.mdmountainside.com/city-of-cumberland-parks-recreation-department,5,-5,6,6,Yes
208,https://www.mdmountainside.com/city-place-farmers-market,5,-5,6,6,Yes
209,https://www.mdmountainside.com/clarysville-motel,7,-7,8,8,Yes
210,https://www.mdmountainside.com/clatter-coffee,7,-7,8,8,Yes
211,https://www.mdmountainside.com/closer,4,-4,5,5,Yes
212,https://www.mdmountainside.com/closer-matinee,7,-7,8,8,Yes
213,https://www.mdmountainside.com/co-canal-cargo-boat-replica-tours,7,-7,8,8,Yes
214,https://www.mdmountainside.com/co-canal-national-historical-park-museum,7,-7,8,8,Yes
215,https://www.mdmountainside.com/co-canal-towpath,7,-7,8,8,Yes
216,https://www.mdmountainside.com/come-early-stay-late-2019,6,-6,7,7,Yes
217,https://www.mdmountainside.com/comfort-inn-suites,7,-7,8,8,Yes
218,https://www.mdmountainside.com/community-model-railroad-club,7,-7,8,8,Yes
219,https://www.mdmountainside.com/coney-christmas,5,-5,6,6,Yes
220,https://www.mdmountainside.com/constitution-park,7,-7,8,8,Yes
221,https://www.mdmountainside.com/constitution-park-pool-opens-for-the-season,7,-7,8,8,Yes
222,https://www.mdmountainside.com/contact-us,3,-3,6,6,Yes
223,https://www.mdmountainside.com/contest-home,6,-5,10,11,Yes
224,https://www.mdmountainside.com/coops-bunns,7,-7,8,8,Yes
225,https://www.mdmountainside.com/corner-tavern-cafe,5,-5,6,6,Yes
226,https://www.mdmountainside.com/cornerstone-baptist-church,7,-7,8,8,Yes
227,https://www.mdmountainside.com/country-club-mall,4,-4,8,8,Yes
228,https://www.mdmountainside.com/country-club-mall-cinemas,7,-7,8,8,Yes
229,https://www.mdmountainside.com/country-road-primitives,7,-7,8,8,Yes
230,https://www.mdmountainside.com/crabby-pig,4,-4,8,8,Yes
231,https://www.mdmountainside.com/cracker-barrel,7,-7,8,8,Yes
232,https://www.mdmountainside.com/cresaptown-united-methodist-church,7,-7,8,8,Yes
233,https://www.mdmountainside.com/cruisin-main-street,7,-7,8,8,Yes
234,https://www.mdmountainside.com/cumberland-choral-society-holiday-concert,7,-7,8,8,Yes
235,https://www.mdmountainside.com/cumberland-choral-society-holiday-concert-2,7,-7,8,8,Yes
236,https://www.mdmountainside.com/cumberland-choral-society-winter-concert,7,-7,8,8,Yes
237,https://www.mdmountainside.com/cumberland-choral-society-winter-concert-2,7,-7,8,8,Yes
238,https://www.mdmountainside.com/cumberland-christmas-tree-lighting-2018,5,-5,6,6,Yes
239,https://www.mdmountainside.com/cumberland-church-of-christ,7,-7,8,8,Yes
240,https://www.mdmountainside.com/cumberland-community-church,4,-4,8,8,Yes
241,https://www.mdmountainside.com/cumberland-country-club,7,-7,8,8,Yes
242,https://www.mdmountainside.com/cumberland-cycles,4,-4,5,5,Yes
243,https://www.mdmountainside.com/cumberland-dining,7,-7,8,8,Yes
244,https://www.mdmountainside.com/cumberland-grace-brethren-church,7,-7,8,8,Yes
245,https://www.mdmountainside.com/cumberland-historic-cemetery-organization,7,-7,8,8,Yes
246,https://www.mdmountainside.com/cumberland-inn-spa,4,-4,8,8,Yes
247,https://www.mdmountainside.com/cumberland-optical,7,-7,8,8,Yes
248,https://www.mdmountainside.com/cumberland-theatre-creative-arts-center,7,-7,8,8,Yes
249,https://www.mdmountainside.com/cumberland-trail-connection-,7,-7,8,8,Yes
250,https://www.mdmountainside.com/cumberland-ymca,7,-7,8,8,Yes
251,https://www.mdmountainside.com/cvs-pharmacy-cumberland,5,-5,6,6,Yes
252,https://www.mdmountainside.com/cvs-pharmacy-lavale,5,-5,6,6,Yes
253,https://www.mdmountainside.com/cycles-things,7,-7,8,8,Yes
254,https://www.mdmountainside.com/cycling,5,-5,13,13,Yes
255,https://www.mdmountainside.com/dairy-queen-cumberland,5,-5,6,6,Yes
256,https://www.mdmountainside.com/dairy-queen-lavale,5,-5,6,6,Yes
257,https://www.mdmountainside.com/dan-stevens-and-sweet-dreams-food-truck-at-1812-brewery,7,-7,8,8,Yes
258,https://www.mdmountainside.com/dans-mountain-state-park,7,-7,8,8,Yes
259,https://www.mdmountainside.com/dantes-bar,7,-7,8,8,Yes
260,https://www.mdmountainside.com/datri-subs,7,-7,8,8,Yes
261,https://www.mdmountainside.com/datris-restaurant,7,-7,8,8,Yes
262,https://www.mdmountainside.com/davincis-pizza,4,-4,8,8,Yes
263,https://www.mdmountainside.com/davis-memorial-united-methodist-church,7,-7,8,8,Yes
264,https://www.mdmountainside.com/dawson-united-methodist-church,7,-7,8,8,Yes
265,https://www.mdmountainside.com/day-of-the-dead-skull-painting-workshop,7,-7,8,8,Yes
266,https://www.mdmountainside.com/dd-pit-n-go-2,7,-7,8,8,Yes
267,https://www.mdmountainside.com/delfest,5,-5,6,6,Yes
268,https://www.mdmountainside.com/delfest/resources,5,-5,6,6,Yes
269,https://www.mdmountainside.com/delfest/resources/beer-and-ice,7,-7,8,8,Yes
270,https://www.mdmountainside.com/delfest/resources/gas-stations,7,-7,8,8,Yes
271,https://www.mdmountainside.com/delfest/resources/grocery-stores,7,-7,8,8,Yes
272,https://www.mdmountainside.com/delfest/resources/transportation,5,-5,6,6,Yes
273,https://www.mdmountainside.com/delgrossos-park-laguna-splash-water-park,7,-7,8,8,Yes
274,https://www.mdmountainside.com/dennys--lavale,7,-7,8,8,Yes
275,https://www.mdmountainside.com/deomonts-muffler-brake,7,-7,8,8,Yes
276,https://www.mdmountainside.com/dig-deep-brewing-co,7,-7,8,8,Yes
277,https://www.mdmountainside.com/diplomat-motel,7,-7,8,8,Yes
278,https://www.mdmountainside.com/dirty-mae-live-on-the-mccoury-family-stage,7,-7,8,8,Yes
279,https://www.mdmountainside.com/discover-downtown-cumberland-blues,7,-7,8,8,Yes
280,https://www.mdmountainside.com/discover-downtown-cumberland-with-grand-ole-ditch,5,-5,6,6,Yes
281,https://www.mdmountainside.com/divine-reflections,7,-7,8,8,Yes
282,https://www.mdmountainside.com/dollar-dip-at-dans-mountain-pool,7,-7,8,8,Yes
283,https://www.mdmountainside.com/dominos-pizza-cumberland,7,-7,8,8,Yes
284,https://www.mdmountainside.com/dominos-pizza-frostburg,7,-7,8,8,Yes
285,https://www.mdmountainside.com/downtown-cumberland-farmers-market,7,-7,8,8,Yes
286,https://www.mdmountainside.com/downtown-cumberland-merchants-holiday-party-with-ursula-ricks,7,-7,8,8,Yes
287,https://www.mdmountainside.com/downtown-cumberlands-shop-small-saturday,7,-7,8,8,Yes
288,https://www.mdmountainside.com/dracula,7,-7,8,8,Yes
289,https://www.mdmountainside.com/dragons-on-the-lake,7,-7,8,8,Yes
290,https://www.mdmountainside.com/dragons-on-the-lake-2019,7,-7,8,8,Yes
291,https://www.mdmountainside.com/drive-in-fly-in-august-2019,5,-5,6,6,Yes
292,https://www.mdmountainside.com/drive-in-fly-in-sepetmber-2019,5,-5,6,6,Yes
293,https://www.mdmountainside.com/dubs-at-the-gap,7,-7,8,8,Yes
294,https://www.mdmountainside.com/dubs-at-the-gap-2019,7,-7,8,8,Yes
295,https://www.mdmountainside.com/dubs-at-the-gap-cruise-bbq-at-1812-brewery,7,-7,8,8,Yes
296,https://www.mdmountainside.com/dunhams-sports,7,-7,8,8,Yes
297,https://www.mdmountainside.com/early-rise-flies,7,-7,8,8,Yes
298,https://www.mdmountainside.com/eastern-express,7,-7,8,8,Yes
299,https://www.mdmountainside.com/eat-and-drink,5,-5,6,6,Yes
300,https://www.mdmountainside.com/eckhart-baptist-church,4,-4,8,8,Yes
301,https://www.mdmountainside.com/education,7,-7,8,8,Yes
302,https://www.mdmountainside.com/ehc-camp-grow-cook-it,7,-7,8,8,Yes
303,https://www.mdmountainside.com/ehc-camp-science-discovery,7,-7,8,8,Yes
304,https://www.mdmountainside.com/ehc-camp-young-naturalists,7,-7,8,8,Yes
305,https://www.mdmountainside.com/el-canelo-restaurant--frostburg,7,-7,8,8,Yes
306,https://www.mdmountainside.com/el-jinete-restaurant,7,-7,8,8,Yes
307,https://www.mdmountainside.com/elements-wellness-spa,7,-7,8,8,Yes
308,https://www.mdmountainside.com/elks-derby-day,4,-4,5,5,Yes
309,https://www.mdmountainside.com/ellies-deli,7,-7,8,8,Yes
310,https://www.mdmountainside.com/embassy-theatre,7,-7,8,8,Yes
311,https://www.mdmountainside.com/emmanuel-episcopal-church,4,-4,8,8,Yes
312,https://www.mdmountainside.com/emmanuel-episcopal-church-tunnel-tours,4,-4,8,8,Yes
313,https://www.mdmountainside.com/enterprise-rent-a-car,3,-3,8,8,Yes
314,https://www.mdmountainside.com/escape-fake-news,4,-4,8,8,Yes
315,https://www.mdmountainside.com/et-at-the-palace-theatre,7,-7,8,8,Yes
316,https://www.mdmountainside.com/european-desserts-and-more,7,-7,8,8,Yes
317,https://www.mdmountainside.com/evening-flyer,4,-4,8,8,Yes
318,https://www.mdmountainside.com/event-calendar,7,-7,8,8,Yes
319,https://www.mdmountainside.com/event-submission-confirmation,5,-5,6,6,Yes
320,https://www.mdmountainside.com/evergreen-heritage-center,7,-7,8,8,Yes
321,https://www.mdmountainside.com/ex2-adventure-race,4,-4,8,8,Yes
322,https://www.mdmountainside.com/exit-strategy-escape-room,7,-7,8,8,Yes
323,https://www.mdmountainside.com/f-brooke-whiting-house-collection,7,-7,8,8,Yes
324,https://www.mdmountainside.com/facebook-giveaway-national-cheeseburger-day,5,-5,6,6,Yes
325,https://www.mdmountainside.com/fairfield-inn-and-suites,7,-7,8,8,Yes
326,https://www.mdmountainside.com/fairgrounds-boat-access,4,-4,8,8,Yes
327,https://www.mdmountainside.com/faith-presbyterian-church-in-america-pca,4,-4,8,8,Yes
328,https://www.mdmountainside.com/fall-arts,5,-5,6,6,Yes
329,https://www.mdmountainside.com/fall-cemetery-tour,4,-4,8,8,Yes
330,https://www.mdmountainside.com/fall-for-downtown-festival-cumberland-md,7,-7,8,8,Yes
331,https://www.mdmountainside.com/fall-frostburg-flyer,7,-7,8,8,Yes
332,https://www.mdmountainside.com/fall-in-love-with-the-arts-2018,5,-5,6,6,Yes
333,https://www.mdmountainside.com/family-fun,7,-7,8,8,Yes
334,https://www.mdmountainside.com/family-pizza-train,7,-7,8,8,Yes
335,https://www.mdmountainside.com/farmers-markets,5,-5,6,6,Yes
336,https://www.mdmountainside.com/farms,7,-7,8,8,Yes
337,https://www.mdmountainside.com/fat-pig,7,-7,8,8,Yes
338,https://www.mdmountainside.com/fatboys-pizza-shack,7,-7,8,8,Yes
339,https://www.mdmountainside.com/favorites,5,-5,6,6,Yes
340,https://www.mdmountainside.com/femina-in-toto-a-compilation-of-design-by-women,4,-4,8,8,Yes
341,https://www.mdmountainside.com/fifteen-mile-creek-boat-access,7,-7,8,8,Yes
342,https://www.mdmountainside.com/first-annual-mountain-maryland-trail-fest,4,-4,8,8,Yes
343,https://www.mdmountainside.com/first-assembly-of-god-church,7,-7,8,8,Yes
344,https://www.mdmountainside.com/first-assembly-of-god2,5,-5,8,8,Yes
345,https://www.mdmountainside.com/first-church-of-the-nazarene,7,-7,8,8,Yes
346,https://www.mdmountainside.com/first-congregational-church-of-frostburg,7,-7,8,8,Yes
347,https://www.mdmountainside.com/first-english-baptist-church,7,-7,8,8,Yes
348,https://www.mdmountainside.com/first-friday-art-club-fall-haiku-writing,7,-7,8,8,Yes
349,https://www.mdmountainside.com/first-friday-art-club-family-comedy-night,7,-7,8,8,Yes
350,https://www.mdmountainside.com/first-friday-art-club-thankfulness-art-and-potluck,7,-7,8,8,Yes
351,https://www.mdmountainside.com/first-friday-art-club-ugly-sweater-party,7,-7,8,8,Yes
352,https://www.mdmountainside.com/first-peoples-community-federal-credit-union,7,-7,8,8,Yes
353,https://www.mdmountainside.com/first-peoples-community-federal-credit-union-cresaptown,7,-7,8,8,Yes
354,https://www.mdmountainside.com/first-peoples-community-federal-credit-union-frostburg,7,-7,8,8,Yes
355,https://www.mdmountainside.com/first-peoples-community-federal-credit-union-industrial-blvd,7,-7,8,8,Yes
356,https://www.mdmountainside.com/first-peoples-community-federal-credit-union-lavale,7,-7,8,8,Yes
357,https://www.mdmountainside.com/first-peoples-community-federal-credit-union-lonaconing,7,-7,8,8,Yes
358,https://www.mdmountainside.com/first-peoples-community-federal-credit-union-queen-city-drive,7,-7,8,8,Yes
359,https://www.mdmountainside.com/first-presbyterian-church,7,-7,8,8,Yes
360,https://www.mdmountainside.com/first-presbyterian-church-of-frostburg,7,-7,8,8,Yes
361,https://www.mdmountainside.com/first-united-bank-trust,7,-7,8,8,Yes
362,https://www.mdmountainside.com/fishers-body-shop,7,-7,8,8,Yes
363,https://www.mdmountainside.com/flintstone-mennonite-church,7,-7,8,8,Yes
364,https://www.mdmountainside.com/flowerland,7,-7,8,8,Yes
365,https://www.mdmountainside.com/for-media,5,-5,7,7,Yes
366,https://www.mdmountainside.com/fore-sisters-golf-course,7,-7,8,8,Yes
367,https://www.mdmountainside.com/fort-cumberland-emporium,7,-7,8,8,Yes
368,https://www.mdmountainside.com/four-t-herb-shoppe,7,-7,8,8,Yes
369,https://www.mdmountainside.com/fourth-friday-tea-series,7,-7,8,8,Yes
370,https://www.mdmountainside.com/fourth-friday-tea-series2,7,-7,8,8,Yes
371,https://www.mdmountainside.com/fourth-friday-tea-series23,7,-7,8,8,Yes
372,https://www.mdmountainside.com/fourth-friday-tea-series234,7,-7,8,8,Yes
373,https://www.mdmountainside.com/foxs-pizza-den-of-frostburg,7,-7,8,8,Yes
374,https://www.mdmountainside.com/fratelli-italian-cuisine-bar,7,-7,8,8,Yes
375,https://www.mdmountainside.com/friday-after-black-friday,7,-7,8,8,Yes
376,https://www.mdmountainside.com/friendship-haven-church,7,-7,8,8,Yes
377,https://www.mdmountainside.com/frostburg-assembly-of-god-church,7,-7,8,8,Yes
378,https://www.mdmountainside.com/frostburg-candlelight-tour-2018,5,-5,6,6,Yes
379,https://www.mdmountainside.com/frostburg-farmers-market,7,-7,8,8,Yes
380,https://www.mdmountainside.com/frostburg-fiber-depot,7,-7,8,8,Yes
381,https://www.mdmountainside.com/frostburg-flyer,7,-7,8,8,Yes
382,https://www.mdmountainside.com/frostburg-flyer2,7,-7,8,8,Yes
383,https://www.mdmountainside.com/frostburg-flyer23,7,-7,8,8,Yes
384,https://www.mdmountainside.com/frostburg-freeze,7,-7,8,8,Yes
385,https://www.mdmountainside.com/frostburg-halloween-parade,5,-5,6,6,Yes
386,https://www.mdmountainside.com/frostburg-inn,7,-7,8,8,Yes
387,https://www.mdmountainside.com/frostburg-medical-center,7,-7,8,8,Yes
388,https://www.mdmountainside.com/frostburg-museum,7,-7,8,8,Yes
389,https://www.mdmountainside.com/frostburg-palace-theatre-jazz-series-presents-paul-bollenback-and-power-3,5,-5,6,6,Yes
390,https://www.mdmountainside.com/frostburg-state-hosting-evening-with-bestselling-author-peter-stark,5,-5,6,6,Yes
391,https://www.mdmountainside.com/frostburg-state-university,7,-7,8,8,Yes
392,https://www.mdmountainside.com/frostburg-state-university-appalachian-festival,4,-4,8,8,Yes
393,https://www.mdmountainside.com/frostburg-tree-lighting-ceremony,7,-7,8,8,Yes
394,https://www.mdmountainside.com/frostburg-united-methodist-church,7,-7,8,8,Yes
395,https://www.mdmountainside.com/frostburg-vision-center,7,-7,8,8,Yes
396,https://www.mdmountainside.com/frostburg-wines-train-featuring-toasted-goat-winery,4,-4,8,8,Yes
397,https://www.mdmountainside.com/frostburgfirst-a-maryland-main-street-community,7,-7,8,8,Yes
398,https://www.mdmountainside.com/frostoberfest-2018,5,-5,6,6,Yes
399,https://www.mdmountainside.com/fruit-bowl2,7,-7,8,8,Yes
400,https://www.mdmountainside.com/fsu-bookstore,7,-7,8,8,Yes
401,https://www.mdmountainside.com/fsu-center-for-literary-arts,7,-7,8,8,Yes
402,https://www.mdmountainside.com/fsu-lane-center,7,-7,8,8,Yes
403,https://www.mdmountainside.com/fsu-planetarium-,7,-7,8,8,Yes
404,https://www.mdmountainside.com/fsu-stephanie-ann-roper-gallery,7,-7,8,8,Yes
405,https://www.mdmountainside.com/funky-repurps-and-more,7,-7,8,8,Yes
406,https://www.mdmountainside.com/gabriel-brothers-gabes,7,-7,8,8,Yes
407,https://www.mdmountainside.com/gas-stations,7,-7,8,8,Yes
408,https://www.mdmountainside.com/gellar-drapkin-and-jazz-at-toasted-goat-winery,7,-7,8,8,Yes
409,https://www.mdmountainside.com/general-art-store-star-gallery,7,-7,8,8,Yes
410,https://www.mdmountainside.com/genes-famliy-restaurant,7,-7,8,8,Yes
411,https://www.mdmountainside.com/george-washingtons-headquarters,7,-7,8,8,Yes
412,https://www.mdmountainside.com/georges-creek-pharmacy,7,-7,8,8,Yes
413,https://www.mdmountainside.com/get-out-play-outfitters,7,-7,8,8,Yes
414,https://www.mdmountainside.com/getting-around,5,-5,6,6,Yes
415,https://www.mdmountainside.com/gg-tire,7,-7,8,8,Yes
416,https://www.mdmountainside.com/ghost-tour-of-historic-cumberland,7,-7,8,8,Yes
417,https://www.mdmountainside.com/ghouley-pub-crawl,7,-7,8,8,Yes
418,https://www.mdmountainside.com/giannis-pizza-wings-cumberland,7,-7,8,8,Yes
419,https://www.mdmountainside.com/giannis-pizza-wings-frostburg,7,-7,8,8,Yes
420,https://www.mdmountainside.com/gilchrist-gardens-gala,5,-5,6,6,Yes
421,https://www.mdmountainside.com/gilchrist-museum-exhibition-obrien-and-carter,7,-7,8,8,Yes
422,https://www.mdmountainside.com/gingers-asian-kitchen,7,-7,8,8,Yes
423,https://www.mdmountainside.com/giuseppes,7,-7,8,8,Yes
424,https://www.mdmountainside.com/global-truck-outfitters,7,-7,8,8,Yes
425,https://www.mdmountainside.com/gods-ark-of-safety-church,4,-4,8,8,Yes
426,https://www.mdmountainside.com/golf,7,-7,8,8,Yes
427,https://www.mdmountainside.com/gonzaga-health-center,7,-7,8,8,Yes
428,https://www.mdmountainside.com/good-carma-catering,7,-7,8,8,Yes
429,https://www.mdmountainside.com/goodwill-store--lavale,4,-4,8,8,Yes
430,https://www.mdmountainside.com/gostomskis-gunsmith-service,7,-7,8,8,Yes
431,https://www.mdmountainside.com/grace-baptist-church,7,-7,8,8,Yes
432,https://www.mdmountainside.com/grace-memorial-community-church,7,-7,8,8,Yes
433,https://www.mdmountainside.com/grand-china-buffet,7,-7,8,8,Yes
434,https://www.mdmountainside.com/great-allegheny-passage,7,-7,8,8,Yes
435,https://www.mdmountainside.com/great-allegheny-passage-relay,7,-7,8,8,Yes
436,https://www.mdmountainside.com/green-ridge-state-forest,4,-4,8,8,Yes
437,https://www.mdmountainside.com/greene-street-service-center,7,-7,8,8,Yes
438,https://www.mdmountainside.com/grocery-and-convenience-stores,7,-7,8,8,Yes
439,https://www.mdmountainside.com/halloween-at-evergreen-barn-dance,5,-5,6,6,Yes
440,https://www.mdmountainside.com/halloween-spooktacular-in-downtown-cumberland,5,-5,6,6,Yes
441,https://www.mdmountainside.com/hampton-inn-cumberland,7,-7,8,8,Yes
442,https://www.mdmountainside.com/hampton-inn-frostburg,7,-7,8,8,Yes
443,https://www.mdmountainside.com/handmade-holiday-fair-2018,5,-5,6,6,Yes
444,https://www.mdmountainside.com/harrigans-restaurant-and-lounge,7,-7,8,8,Yes
445,https://www.mdmountainside.com/harry-trayhnam-and-alhambra-at-1812-brewery,7,-7,8,8,Yes
446,https://www.mdmountainside.com/hartleys-pizza,7,-7,8,8,Yes
447,https://www.mdmountainside.com/harveys-florist-greenhouses-inc,4,-4,8,8,Yes
448,https://www.mdmountainside.com/hast-farm-event-venue,7,-7,8,8,Yes
449,https://www.mdmountainside.com/health-matters-urgent-care,7,-7,8,8,Yes
450,https://www.mdmountainside.com/healthy-parks-healthy-people-wellness-fair,7,-7,8,8,Yes
451,https://www.mdmountainside.com/hennys-grill-bar,7,-7,8,8,Yes
452,https://www.mdmountainside.com/hertz-rent-a-car,7,-7,8,8,Yes
453,https://www.mdmountainside.com/highland-baptist-church,7,-7,8,8,Yes
454,https://www.mdmountainside.com/highland-harley-davidson-shop,4,-4,8,8,Yes
455,https://www.mdmountainside.com/highlands-american-music-series-presents-the-becky-buller-band,5,-5,6,6,Yes
456,https://www.mdmountainside.com/hillside-animal-hospital,7,-7,8,8,Yes
457,https://www.mdmountainside.com/historic-city-center,7,-7,8,8,Yes
458,https://www.mdmountainside.com/history-and-heritage,7,-7,8,8,Yes
459,https://www.mdmountainside.com/hobbies-plus,4,-4,8,8,Yes
460,https://www.mdmountainside.com/holiday-inn-express-and-suites-lavale,7,-7,8,8,Yes
461,https://www.mdmountainside.com/holiday-open-house,7,-7,8,8,Yes
462,https://www.mdmountainside.com/holidays-2018,5,-5,6,6,Yes
463,https://www.mdmountainside.com/holideal,5,-5,6,6,Yes
464,https://www.mdmountainside.com/hoppy-hour-at-1812-brewery,7,-7,8,8,Yes
465,https://www.mdmountainside.com/hospitals-and-health-care,7,-7,8,8,Yes
466,https://www.mdmountainside.com/hotel-gunter,7,-7,8,8,Yes
467,https://www.mdmountainside.com/hotels-and-motels,7,-7,8,8,Yes
468,https://www.mdmountainside.com/hummingbird-cafe,4,-4,8,8,Yes
469,https://www.mdmountainside.com/hurry-back-tavern-,4,-4,8,8,Yes
470,https://www.mdmountainside.com/hush-skin-care-mountain-massage-wellness-spa,7,-7,8,8,Yes
471,https://www.mdmountainside.com/independent-ink,7,-7,8,8,Yes
472,https://www.mdmountainside.com/indie-lit-festival-2018,5,-5,6,6,Yes
473,https://www.mdmountainside.com/inn-on-decatur,7,-7,8,8,Yes
474,https://www.mdmountainside.com/inquiry,5,-5,7,7,Yes
475,https://www.mdmountainside.com/integration-studios,7,-7,8,8,Yes
476,https://www.mdmountainside.com/iron-rail-days,7,-7,8,8,Yes
477,https://www.mdmountainside.com/j-bartles-jewelry,7,-7,8,8,Yes
478,https://www.mdmountainside.com/j-j-bait-llc,4,-4,8,8,Yes
479,https://www.mdmountainside.com/j-rs-custom-screenprint-embroidery,7,-7,8,8,Yes
480,https://www.mdmountainside.com/jacob-blank-on-the-keyboard-chef-pauls-kitchen-at-1812-brewery,7,-7,8,8,Yes
481,https://www.mdmountainside.com/janice-ray-and-roc-plus-sob-bbq-at-1812-brewery,7,-7,8,8,Yes
482,https://www.mdmountainside.com/jb-farms,7,-7,8,8,Yes
483,https://www.mdmountainside.com/jenkins-collision-center,7,-7,8,8,Yes
484,https://www.mdmountainside.com/jins-asian-cuisine,4,-4,8,8,Yes
485,https://www.mdmountainside.com/jjs-sons,4,-4,8,8,Yes
486,https://www.mdmountainside.com/jl-truck-repair-tire-service-inc,7,-7,8,8,Yes
487,https://www.mdmountainside.com/jo-ann-fabrics-and-craft-store,7,-7,8,8,Yes
488,https://www.mdmountainside.com/joes-viaduct-restaurant,4,-4,8,8,Yes
489,https://www.mdmountainside.com/johnstons-garage,4,-4,8,8,Yes
490,https://www.mdmountainside.com/jolly-roger-discount-liquors,7,-7,8,8,Yes
491,https://www.mdmountainside.com/junie-b-in-jingle-bells-batman-smells,7,-7,8,8,Yes
492,https://www.mdmountainside.com/k-bar-and-lunch,4,-4,8,8,Yes
493,https://www.mdmountainside.com/karaoke,7,-7,8,8,Yes
494,https://www.mdmountainside.com/karaoke-with-mary-sheetz,7,-7,8,8,Yes
495,https://www.mdmountainside.com/kebbies-diaper-bag,7,-7,8,8,Yes
496,https://www.mdmountainside.com/kegs-and-eggs-at-1812-brewery,7,-7,8,8,Yes
497,https://www.mdmountainside.com/kegs-and-eggs-brunch,5,-5,6,6,Yes
498,https://www.mdmountainside.com/kegs-and-eggs-brunch-and-dinner-at-1812-brewery,5,-5,6,6,Yes
499,https://www.mdmountainside.com/kensington-assisted-living,7,-7,8,8,Yes
500,https://www.mdmountainside.com/kentucky-fried-chicken-cumberland,7,-7,8,8,Yes
501,https://www.mdmountainside.com/kentucky-fried-chicken-lavale,7,-7,8,8,Yes
502,https://www.mdmountainside.com/kerr-brothers-guns,7,-7,8,8,Yes
503,https://www.mdmountainside.com/kids-kingdom,7,-7,8,8,Yes
504,https://www.mdmountainside.com/kids-saturday,7,-7,8,8,Yes
505,https://www.mdmountainside.com/kingdom-hall-of-jehovahs-witnesses,7,-7,8,8,Yes
506,https://www.mdmountainside.com/klines-restaurant,7,-7,8,8,Yes
507,https://www.mdmountainside.com/knieriem-tires,7,-7,8,8,Yes
508,https://www.mdmountainside.com/kohls,7,-7,8,8,Yes
509,https://www.mdmountainside.com/langleys-auto-service,7,-7,8,8,Yes
510,https://www.mdmountainside.com/larry-keel-experience,5,-5,6,6,Yes
511,https://www.mdmountainside.com/lashbaughs-bar-and-grill,7,-7,8,8,Yes
512,https://www.mdmountainside.com/lavale-baptist-church-sbc,7,-7,8,8,Yes
513,https://www.mdmountainside.com/lavale-farmers-market,7,-7,8,8,Yes
514,https://www.mdmountainside.com/lavale-united-methodist-church,7,-7,8,8,Yes
515,https://www.mdmountainside.com/lavale-veterinary-hospital,7,-7,8,8,Yes
516,https://www.mdmountainside.com/leaning-pine-farm,7,-7,8,8,Yes
517,https://www.mdmountainside.com/lefty-grove-memorial-park,5,-5,6,6,Yes
518,https://www.mdmountainside.com/lennox-east,7,-7,8,8,Yes
519,https://www.mdmountainside.com/lennys-leathers,7,-7,8,8,Yes
520,https://www.mdmountainside.com/lew-lew-belle-boutique,7,-7,8,8,Yes
521,https://www.mdmountainside.com/lgs-pizzeria-and-pub,7,-7,8,8,Yes
522,https://www.mdmountainside.com/liberty-wine-and-liquor,7,-7,8,8,Yes
523,https://www.mdmountainside.com/lifetime-eyecare-center,7,-7,8,8,Yes
524,https://www.mdmountainside.com/lighthouse-christian-academy-and-daycare,7,-7,8,8,Yes
525,https://www.mdmountainside.com/lighthouse-of-hope-church,7,-7,8,8,Yes
526,https://www.mdmountainside.com/lights-by-the-lake-2018,5,-5,6,6,Yes
527,https://www.mdmountainside.com/lil-corner-market,7,-7,8,8,Yes
528,https://www.mdmountainside.com/lindys-restaurant,7,-7,8,8,Yes
529,https://www.mdmountainside.com/little-caesars-pizza,7,-7,8,8,Yes
530,https://www.mdmountainside.com/little-orleans-campground-park-area,4,-4,8,8,Yes
531,https://www.mdmountainside.com/little-orleans-lodge,7,-7,8,8,Yes
532,https://www.mdmountainside.com/living-stone-church-of-the-brethren,7,-7,8,8,Yes
533,https://www.mdmountainside.com/living-waters-ministries,7,-7,8,8,Yes
534,https://www.mdmountainside.com/livvys-soft-serve,7,-7,8,8,Yes
535,https://www.mdmountainside.com/local-craftsflea-market-and-soups-and-suds-for-a-clause,7,-7,8,8,Yes
536,https://www.mdmountainside.com/local-farmerscraftflea-market-plus-brunch-with-santa-at-1812-brewery,7,-7,8,8,Yes
537,https://www.mdmountainside.com/lonaconing-iron-furnace-and-park-,7,-7,8,8,Yes
538,https://www.mdmountainside.com/long-john-silver,7,-7,8,8,Yes
539,https://www.mdmountainside.com/lorenzos-frostburg-bakery,7,-7,8,8,Yes
540,https://www.mdmountainside.com/loyola-university-maryland-retreat-center,7,-7,8,8,Yes
541,https://www.mdmountainside.com/luckys-liquor-store,7,-7,8,8,Yes
542,https://www.mdmountainside.com/m-and-m-bake-shop,4,-4,8,8,Yes
543,https://www.mdmountainside.com/macdonalds-body-shop,7,-7,8,8,Yes
544,https://www.mdmountainside.com/maddcatt-vapors,7,-7,8,8,Yes
545,https://www.mdmountainside.com/madison-paige-boutique,7,-7,8,8,Yes
546,https://www.mdmountainside.com/main-street-books,7,-7,8,8,Yes
547,https://www.mdmountainside.com/main-street-pub,7,-7,8,8,Yes
548,https://www.mdmountainside.com/making-smart-choices-about-health-insurance,7,-7,8,8,Yes
549,https://www.mdmountainside.com/making-strides-against-breast-cancer-of-western-maryland,5,-5,6,6,Yes
550,https://www.mdmountainside.com/mamma-mia,7,-7,8,8,Yes
551,https://www.mdmountainside.com/mamma-mia-matinee,7,-7,8,8,Yes
552,https://www.mdmountainside.com/manhattan-centre-golf-gallery,7,-7,8,8,Yes
553,https://www.mdmountainside.com/maranantha-christian-fellowship,7,-7,8,8,Yes
554,https://www.mdmountainside.com/marios-italian-eatery,4,-4,8,8,Yes
555,https://www.mdmountainside.com/marketing-and-tourism-summit,5,-5,6,6,Yes
556,https://www.mdmountainside.com/martins-food-market,7,-7,8,8,Yes
557,https://www.mdmountainside.com/martins-food-market-lavale,7,-7,8,8,Yes
558,https://www.mdmountainside.com/maryland-discount-beverage-center,7,-7,8,8,Yes
559,https://www.mdmountainside.com/marylandwest-virginia-model-railroad-exhibit,7,-7,8,8,Yes
560,https://www.mdmountainside.com/mason-complex-boat-access,7,-7,8,8,Yes
561,https://www.mdmountainside.com/master-gardener-class,7,-7,8,8,Yes
562,https://www.mdmountainside.com/mccoole-boat-access,4,-4,8,8,Yes
563,https://www.mdmountainside.com/mcdonalds-1,7,-7,8,8,Yes
564,https://www.mdmountainside.com/mcdonalds-2,7,-7,8,8,Yes
565,https://www.mdmountainside.com/mcdonalds-3,7,-7,8,8,Yes
566,https://www.mdmountainside.com/mcdonalds-4,7,-7,8,8,Yes
567,https://www.mdmountainside.com/mcdonalds-5,7,-7,8,8,Yes
568,https://www.mdmountainside.com/mcdonalds-6,7,-7,8,8,Yes
569,https://www.mdmountainside.com/mcdonalds-7,4,-4,8,8,Yes
570,https://www.mdmountainside.com/mcdonalds-8,7,-7,8,8,Yes
571,https://www.mdmountainside.com/mcta-presents-traditional-irish-musician-dylan-foley,5,-5,6,6,Yes
572,https://www.mdmountainside.com/md-mountain-weddings,4,-4,6,6,Yes
573,https://www.mdmountainside.com/meeting-planners,5,-5,6,6,Yes
574,https://www.mdmountainside.com/meg-romero-studio,7,-7,8,8,Yes
575,https://www.mdmountainside.com/megan-bradley-5k-memorial-run-for-casa-of-allegany-county,7,-7,8,8,Yes
576,https://www.mdmountainside.com/memorial-heights-baptist-church,7,-7,8,8,Yes
577,https://www.mdmountainside.com/meteor-shower-a-play-by-steve-martin,7,-7,8,8,Yes
578,https://www.mdmountainside.com/metropolitan-ame-church,7,-7,8,8,Yes
579,https://www.mdmountainside.com/mexico-farms-equestrian-center,7,-7,8,8,Yes
580,https://www.mdmountainside.com/mezzos,7,-7,8,8,Yes
581,https://www.mdmountainside.com/midlife-crisis-on-stage-at-1812-brewery,7,-7,8,8,Yes
582,https://www.mdmountainside.com/milestone-cube-company,7,-7,8,8,Yes
583,https://www.mdmountainside.com/millstone-country-store,7,-7,8,8,Yes
584,https://www.mdmountainside.com/minecraft-gaming,7,-7,8,8,Yes
585,https://www.mdmountainside.com/miracle-on-34th-street-the-musical,7,-7,8,8,Yes
586,https://www.mdmountainside.com/misty-blue-fashions,7,-7,8,8,Yes
587,https://www.mdmountainside.com/mixx-112-boutique,7,-7,8,8,Yes
588,https://www.mdmountainside.com/monument-unveiling-of-world-war-1-veteran-lest-umstot,5,-5,6,6,Yes
589,https://www.mdmountainside.com/moonlight-madness-in-downtown-cumberland,7,-7,8,8,Yes
590,https://www.mdmountainside.com/mortons-jewelry,7,-7,8,8,Yes
591,https://www.mdmountainside.com/motel-6--lavale,7,-7,8,8,Yes
592,https://www.mdmountainside.com/mount-savage-historical-society,7,-7,8,8,Yes
593,https://www.mdmountainside.com/mountain-city-coffeehouse-creamery,4,-4,8,8,Yes
594,https://www.mdmountainside.com/mountain-city-traditional-arts,7,-7,8,8,Yes
595,https://www.mdmountainside.com/mountain-ducks-guide-service,4,-4,6,6,Yes
596,https://www.mdmountainside.com/mountain-maryland-2018-photo-contest,5,-5,6,6,Yes
597,https://www.mdmountainside.com/mountain-maryland-artist-studio-tours,5,-5,6,6,Yes
598,https://www.mdmountainside.com/mountain-maryland-photo-contest,5,-5,7,7,Yes
599,https://www.mdmountainside.com/mountain-maryland-photo-contest-2019,5,-5,6,6,Yes
600,https://www.mdmountainside.com/mountain-maryland-trails,7,-7,8,8,Yes
601,https://www.mdmountainside.com/mountain-maryland-trails-presents-3m-challenge-bike-race,7,-7,8,8,Yes
602,https://www.mdmountainside.com/mountain-moonshine-train,7,-7,8,8,Yes
603,https://www.mdmountainside.com/mountaineer-country-tours,4,-4,6,6,Yes
604,https://www.mdmountainside.com/mountainmarylanddeluxe,5,-5,6,6,Yes
605,https://www.mdmountainside.com/mountainshine-creative-llc,7,-7,8,8,Yes
606,https://www.mdmountainside.com/mountainside-baroque-off-the-beaten-path,7,-7,8,8,Yes
607,https://www.mdmountainside.com/mountainside-bike-tours,7,-7,8,8,Yes
608,https://www.mdmountainside.com/movie-screening,7,-7,8,8,Yes
609,https://www.mdmountainside.com/mr-tire-auto-service-center,7,-7,8,8,Yes
610,https://www.mdmountainside.com/mr-toads-pottery,7,-7,8,8,Yes
611,https://www.mdmountainside.com/mt-bank,7,-7,8,8,Yes
612,https://www.mdmountainside.com/mt-bank-frostburg-2,7,-7,8,8,Yes
613,https://www.mdmountainside.com/mt-bank-lavale,7,-7,8,8,Yes
614,https://www.mdmountainside.com/mt-bank-south-cumberland,7,-7,8,8,Yes
615,https://www.mdmountainside.com/mt-bank-westernport,7,-7,8,8,Yes
616,https://www.mdmountainside.com/murder-mystery,7,-7,8,8,Yes
617,https://www.mdmountainside.com/murder-mystery-bullets-and-bbq,7,-7,8,8,Yes
618,https://www.mdmountainside.com/murder-mystery2,7,-7,8,8,Yes
619,https://www.mdmountainside.com/murder-mystery23,7,-7,8,8,Yes
620,https://www.mdmountainside.com/murder-mystery234,7,-7,8,8,Yes
621,https://www.mdmountainside.com/murder-mystery2345,7,-7,8,8,Yes
622,https://www.mdmountainside.com/murder-mystery23456,7,-7,8,8,Yes
623,https://www.mdmountainside.com/murder-mystery234567,4,-4,8,8,Yes
624,https://www.mdmountainside.com/murder-mystery2345678,4,-4,8,8,Yes
625,https://www.mdmountainside.com/murder-mystery23456789,7,-7,8,8,Yes
626,https://www.mdmountainside.com/music-by-fred-n-josh-food-by-good-carma-catering-at-1812,7,-7,8,8,Yes
627,https://www.mdmountainside.com/music-by-jacob-blank-at-toasted-goat,7,-7,8,8,Yes
628,https://www.mdmountainside.com/musician-chris-workman-at-1812-brewery,5,-5,6,6,Yes
629,https://www.mdmountainside.com/musician-dan-stevens-plus-good-carma-catering-at-1812,7,-7,8,8,Yes
630,https://www.mdmountainside.com/musician-greg-kerr-and-klavuhns-family-concessions-at-1812,7,-7,8,8,Yes
631,https://www.mdmountainside.com/musician-jacob-blank-and-good-carma-catering-at-1812,7,-7,8,8,Yes
632,https://www.mdmountainside.com/musician-shelby-herbert-and-chef-pauls-kitchen-at-1812-brewery,7,-7,8,8,Yes
633,https://www.mdmountainside.com/national-night-out,7,-7,8,8,Yes
634,https://www.mdmountainside.com/national-night-out-cumberland,7,-7,8,8,Yes
635,https://www.mdmountainside.com/national-night-out-kick-off-event,7,-7,8,8,Yes
636,https://www.mdmountainside.com/national-road-monument,7,-7,8,8,Yes
637,https://www.mdmountainside.com/national-road-toll-house,7,-7,8,8,Yes
638,https://www.mdmountainside.com/native-american-heritage-month-with-caitlin-hudgins,7,-7,8,8,Yes
639,https://www.mdmountainside.com/natures-art,7,-7,8,8,Yes
640,https://www.mdmountainside.com/naylors-ace-hardware,7,-7,8,8,Yes
641,https://www.mdmountainside.com/never-forgotten,7,-7,8,8,Yes
642,https://www.mdmountainside.com/new-life-tabernacle,7,-7,8,8,Yes
643,https://www.mdmountainside.com/new-years-eve-2019,5,-5,6,6,Yes
644,https://www.mdmountainside.com/new-years-eve-celebration-at-toasted-goat-winery,7,-7,8,8,Yes
645,https://www.mdmountainside.com/new-years-eve-in-downtown-cumberland,5,-5,6,6,Yes
646,https://www.mdmountainside.com/new-years-eve-murder-mystery-train,7,-7,8,8,Yes
647,https://www.mdmountainside.com/news,5,-5,6,6,Yes
648,https://www.mdmountainside.com/news-mountain-maryland-marketing-and-tourism-summit-launches-in-allegany-county-maryland,5,-5,6,6,Yes
649,https://www.mdmountainside.com/news/2018-destination-guide,5,-5,6,6,Yes
650,https://www.mdmountainside.com/news/allegany-county-tourism-announces-winners-for-2018-mountain-maryland-photo-contest,5,-5,6,6,Yes
651,https://www.mdmountainside.com/news/best-of-awards,5,-5,6,6,Yes
652,https://www.mdmountainside.com/news/blue-ridge-outdoors-best-of-awards-2019,5,-5,6,6,Yes
653,https://www.mdmountainside.com/news/cumberland-maryland-selected-as-one-of-travel-channels-50-most-charming-small-towns-in-america,5,-5,6,6,Yes
654,https://www.mdmountainside.com/news/cumberland-md-selected-as-top-adventure-town,5,-5,6,6,Yes
655,https://www.mdmountainside.com/news/enterprise-rent-a-car-films-in-cumberland-md,5,-5,6,6,Yes
656,https://www.mdmountainside.com/newsletter-signup,5,-5,7,7,Yes
657,https://www.mdmountainside.com/night-of-the-living-dead,7,-7,8,8,Yes
658,https://www.mdmountainside.com/night-of-the-living-dead-matinee,7,-7,8,8,Yes
659,https://www.mdmountainside.com/niners-canal-pub,7,-7,8,8,Yes
660,https://www.mdmountainside.com/noises-off,7,-7,8,8,Yes
661,https://www.mdmountainside.com/noises-off-matinee,7,-7,8,8,Yes
662,https://www.mdmountainside.com/november-book-club-meeting,7,-7,8,8,Yes
663,https://www.mdmountainside.com/nye-murder-mystery-train,7,-7,8,8,Yes
664,https://www.mdmountainside.com/oak-barrel-cafe2,7,-7,8,8,Yes
665,https://www.mdmountainside.com/oak-barrel-citgo,7,-7,8,8,Yes
666,https://www.mdmountainside.com/october-book-group,5,-5,6,6,Yes
667,https://www.mdmountainside.com/oldtown-bethel-assembly-of-god,7,-7,8,8,Yes
668,https://www.mdmountainside.com/ollies-bargain-outlet,7,-7,8,8,Yes
669,https://www.mdmountainside.com/one-act-play-festival-2018,5,-5,6,6,Yes
670,https://www.mdmountainside.com/one-stop-liquors,7,-7,8,8,Yes
671,https://www.mdmountainside.com/oscars-restaurant,7,-7,8,8,Yes
672,https://www.mdmountainside.com/our-farmers-markets,7,-7,8,8,Yes
673,https://www.mdmountainside.com/outdoors,5,-5,6,6,Yes
674,https://www.mdmountainside.com/outfitters,7,-7,8,8,Yes
675,https://www.mdmountainside.com/papa-johns,7,-7,8,8,Yes
676,https://www.mdmountainside.com/parks-and-forests,5,-5,6,6,Yes
677,https://www.mdmountainside.com/parkview-liquor-store,7,-7,8,8,Yes
678,https://www.mdmountainside.com/parris-n-glendening-recreational-complex,7,-7,8,8,Yes
679,https://www.mdmountainside.com/partners,5,-5,6,6,Yes
680,https://www.mdmountainside.com/partners/tourism-reinvestment-marketing-grant-program,5,-5,6,6,Yes
681,https://www.mdmountainside.com/passages-of-the-western-potomac-heritage-area,5,-5,6,6,Yes
682,https://www.mdmountainside.com/past-perfect--a-bargain-boutique,7,-7,8,8,Yes
683,https://www.mdmountainside.com/patricks-pub,7,-7,8,8,Yes
684,https://www.mdmountainside.com/paw-paw-tunnel-tours,5,-5,6,6,Yes
685,https://www.mdmountainside.com/peppers-overstock-room,7,-7,8,8,Yes
686,https://www.mdmountainside.com/pet-care,7,-7,8,8,Yes
687,https://www.mdmountainside.com/pet-wants-mountain-maryland,7,-7,8,8,Yes
688,https://www.mdmountainside.com/petsmart,7,-7,8,8,Yes
689,https://www.mdmountainside.com/phantoom-of-the-universe,5,-5,6,6,Yes
690,https://www.mdmountainside.com/pharmacare-bedford-road,7,-7,8,8,Yes
691,https://www.mdmountainside.com/pharmacare-of-frostburg,7,-7,8,8,Yes
692,https://www.mdmountainside.com/pharmacare-west,7,-7,8,8,Yes
693,https://www.mdmountainside.com/pharmacare-willowbrook,7,-7,8,8,Yes
694,https://www.mdmountainside.com/phoenix-landing-wellness--art-music-and-holistic-wellness,7,-7,8,8,Yes
695,https://www.mdmountainside.com/photo-contest,5,-5,6,6,Yes
696,https://www.mdmountainside.com/photo-contest-submission-confirmation,5,-5,6,6,Yes
697,https://www.mdmountainside.com/photography-of-parker-reinecker-and-work-of-the-quad-state-bodgers,7,-7,8,8,Yes
698,https://www.mdmountainside.com/pig-out-in-the-park,7,-7,8,8,Yes
699,https://www.mdmountainside.com/pig-out-in-the-park-a-backyard-bbq-bash,7,-7,8,8,Yes
700,https://www.mdmountainside.com/pirates-ahoy,7,-7,8,8,Yes
701,https://www.mdmountainside.com/pizza-hut,7,-7,8,8,Yes
702,https://www.mdmountainside.com/pizza-hut2,4,-4,8,8,Yes
703,https://www.mdmountainside.com/pizza-hut23,7,-7,8,8,Yes
704,https://www.mdmountainside.com/places-to-stay,5,-5,6,6,Yes
705,https://www.mdmountainside.com/plan-visit,5,-5,6,6,Yes
706,https://www.mdmountainside.com/platinum-coach-limousine-service,7,-7,8,8,Yes
707,https://www.mdmountainside.com/playing-for-pennies-(mcdonald-and-nash)-plus-queen-city-creamery-at-1812-brewery,5,-5,6,6,Yes
708,https://www.mdmountainside.com/playing-for-pennies-plus-three-great-food-trucks-at-1812-brewery,7,-7,8,8,Yes
709,https://www.mdmountainside.com/port-west-restaurant,7,-7,8,8,Yes
710,https://www.mdmountainside.com/potomac-eagle-scenic-railroad,7,-7,8,8,Yes
711,https://www.mdmountainside.com/potomac-valley-pharmacy,7,-7,8,8,Yes
712,https://www.mdmountainside.com/powells-auto-parts-towing,7,-7,8,8,Yes
713,https://www.mdmountainside.com/presents-for-paws,7,-7,8,8,Yes
714,https://www.mdmountainside.com/press-room,5,-5,6,6,Yes
715,https://www.mdmountainside.com/princess-restaurant,7,-7,8,8,Yes
716,https://www.mdmountainside.com/privacy,5,-5,6,6,Yes
717,https://www.mdmountainside.com/project-rachel-information-session,7,-7,8,8,Yes
718,https://www.mdmountainside.com/prosperity-united-methodist-church,7,-7,8,8,Yes
719,https://www.mdmountainside.com/public-reading-the-granny-chronicles,7,-7,8,8,Yes
720,https://www.mdmountainside.com/puccini-restaurant,7,-7,8,8,Yes
721,https://www.mdmountainside.com/put-yourself-first,7,-7,8,8,Yes
722,https://www.mdmountainside.com/quality-inn-suites,7,-7,8,8,Yes
723,https://www.mdmountainside.com/queen-city-creamery,7,-7,8,8,Yes
724,https://www.mdmountainside.com/queen-city-flea-market,7,-7,8,8,Yes
725,https://www.mdmountainside.com/queen-city-motors,4,-4,8,8,Yes
726,https://www.mdmountainside.com/queen-city-taxi,4,-4,8,8,Yes
727,https://www.mdmountainside.com/ramada-downtown-cumberland,4,-4,8,8,Yes
728,https://www.mdmountainside.com/rawlings-united-methodist-church,7,-7,8,8,Yes
729,https://www.mdmountainside.com/red-ridge-auto-repair,7,-7,8,8,Yes
730,https://www.mdmountainside.com/rent-a-wreck,7,-7,8,8,Yes
731,https://www.mdmountainside.com/request-a-guide,5,-5,7,7,Yes
732,https://www.mdmountainside.com/resources,5,-5,6,6,Yes
733,https://www.mdmountainside.com/restaurants,7,-7,8,8,Yes
734,https://www.mdmountainside.com/restoring-the-american-chestnut-a-research-and-volunteer-effort,7,-7,8,8,Yes
735,https://www.mdmountainside.com/rio-grande-inc-restaurante-mexican,7,-7,8,8,Yes
736,https://www.mdmountainside.com/ristorante-ottaviani,7,-7,8,8,Yes
737,https://www.mdmountainside.com/ritas-ice,7,-7,8,8,Yes
738,https://www.mdmountainside.com/rite-aid-pharmacy,7,-7,8,8,Yes
739,https://www.mdmountainside.com/rite-aid-pharmacy-frostburg,7,-7,8,8,Yes
740,https://www.mdmountainside.com/river-access,5,-5,6,6,Yes
741,https://www.mdmountainside.com/river-and-rails-festival,7,-7,8,8,Yes
742,https://www.mdmountainside.com/river-rail-fest,7,-7,8,8,Yes
743,https://www.mdmountainside.com/river-rail-fest-train,7,-7,8,8,Yes
744,https://www.mdmountainside.com/riverside-bmx,7,-7,8,8,Yes
745,https://www.mdmountainside.com/rocktember,7,-7,8,8,Yes
746,https://www.mdmountainside.com/rocky-gap-casino--lbs-place,7,-7,8,8,Yes
747,https://www.mdmountainside.com/rocky-gap-casino--on-the-rocks,7,-7,8,8,Yes
748,https://www.mdmountainside.com/rocky-gap-casino-resort,7,-7,8,8,Yes
749,https://www.mdmountainside.com/rocky-gap-casino-resort--a-little-munch,4,-4,5,5,Yes
750,https://www.mdmountainside.com/rocky-gap-casino-resort--lakeside-dining-room,7,-7,8,8,Yes
751,https://www.mdmountainside.com/rocky-gap-casino-resort--signatures-bar-and-grill,7,-7,8,8,Yes
752,https://www.mdmountainside.com/rocky-gap-golf-course,7,-7,8,8,Yes
753,https://www.mdmountainside.com/rocky-gap-state-park,7,-7,8,8,Yes
754,https://www.mdmountainside.com/rocky-gap-state-park-aviary,7,-7,8,8,Yes
755,https://www.mdmountainside.com/rocky-gap-state-park-campgrounds,7,-7,8,8,Yes
756,https://www.mdmountainside.com/roses--cumberland,7,-7,8,8,Yes
757,https://www.mdmountainside.com/roses--frostburg,7,-7,8,8,Yes
758,https://www.mdmountainside.com/roy-rogers-restaurant,7,-7,8,8,Yes
759,https://www.mdmountainside.com/ruby-tuesday,7,-7,8,8,Yes
760,https://www.mdmountainside.com/rustic-touch,7,-7,8,8,Yes
761,https://www.mdmountainside.com/sadies,7,-7,8,8,Yes
762,https://www.mdmountainside.com/salem-united-church-of-christ,7,-7,8,8,Yes
763,https://www.mdmountainside.com/samhain-the-celtic-origins-of-halloween-fourth-friday-tea,7,-7,8,8,Yes
764,https://www.mdmountainside.com/sand-springs-saloon-steakhouse,7,-7,8,8,Yes
765,https://www.mdmountainside.com/savage-fame-paintball-park,7,-7,8,8,Yes
766,https://www.mdmountainside.com/savage-mountain-punk-festival,7,-7,8,8,Yes
767,https://www.mdmountainside.com/scents-n-things,7,-7,8,8,Yes
768,https://www.mdmountainside.com/schoolhouse-kitchen,7,-7,8,8,Yes
769,https://www.mdmountainside.com/second-baptist-church-sbc,7,-7,8,8,Yes
770,https://www.mdmountainside.com/seoul-house,7,-7,8,8,Yes
771,https://www.mdmountainside.com/september-book-group-discussion,7,-7,8,8,Yes
772,https://www.mdmountainside.com/serenity-garden-labyrinth,7,-7,8,8,Yes
773,https://www.mdmountainside.com/seventh-day-adventist-church2,7,-7,8,8,Yes
774,https://www.mdmountainside.com/shakes-n-jazz,5,-5,6,6,Yes
775,https://www.mdmountainside.com/shaw-mansion-inn,7,-7,8,8,Yes
776,https://www.mdmountainside.com/sheetz-bedford-road,7,-7,8,8,Yes
777,https://www.mdmountainside.com/sheetz-convenience-stores,7,-7,8,8,Yes
778,https://www.mdmountainside.com/sheetz-corriganville,7,-7,8,8,Yes
779,https://www.mdmountainside.com/sheetz-cresaptown,7,-7,8,8,Yes
780,https://www.mdmountainside.com/sheetz-frostburg,4,-4,5,5,Yes
781,https://www.mdmountainside.com/sheetz-green-street,4,-4,8,8,Yes
782,https://www.mdmountainside.com/sheetz-virginia-avenue,7,-7,8,8,Yes
783,https://www.mdmountainside.com/sheetz-winchester-road,7,-7,8,8,Yes
784,https://www.mdmountainside.com/shes-so-pretty,7,-7,8,8,Yes
785,https://www.mdmountainside.com/shoes-diesel-performance,7,-7,8,8,Yes
786,https://www.mdmountainside.com/shooters-bar-grill,7,-7,8,8,Yes
787,https://www.mdmountainside.com/shop-small,7,-7,8,8,Yes
788,https://www.mdmountainside.com/shop-small-saturday-at-barkin-basement-thrift-shop,7,-7,8,8,Yes
789,https://www.mdmountainside.com/shop-small-saturday-at-fort-cumberland-emporium,7,-7,8,8,Yes
790,https://www.mdmountainside.com/shopping,7,-7,8,8,Yes
791,https://www.mdmountainside.com/sideling-hill-creek-nature-preserve,7,-7,8,8,Yes
792,https://www.mdmountainside.com/simplee-kountry,7,-7,8,8,Yes
793,https://www.mdmountainside.com/simply-formal-,7,-7,8,8,Yes
794,https://www.mdmountainside.com/sips-for-survivors-at-toasted-goat-winery,7,-7,8,8,Yes
795,https://www.mdmountainside.com/sitemap,5,-5,6,6,Yes
796,https://www.mdmountainside.com/sitn-jaw,7,-7,8,8,Yes
797,https://www.mdmountainside.com/sitn-jaw2,7,-7,8,8,Yes
798,https://www.mdmountainside.com/sitn-jaw23,7,-7,8,8,Yes
799,https://www.mdmountainside.com/sitn-jaw234,7,-7,8,8,Yes
800,https://www.mdmountainside.com/sitn-jaw2345,7,-7,8,8,Yes
801,https://www.mdmountainside.com/sitn-jaw23456,7,-7,8,8,Yes
802,https://www.mdmountainside.com/skewers,7,-7,8,8,Yes
803,https://www.mdmountainside.com/skid-row-in-concert,7,-7,8,8,Yes
804,https://www.mdmountainside.com/sleep-inn-,7,-7,8,8,Yes
805,https://www.mdmountainside.com/small-business-saturday-2018,5,-5,6,6,Yes
806,https://www.mdmountainside.com/smittys-tire-truck-service,7,-7,8,8,Yes
807,https://www.mdmountainside.com/souls-harbor-church,7,-7,8,8,Yes
808,https://www.mdmountainside.com/spa-and-wellness,7,-7,8,8,Yes
809,https://www.mdmountainside.com/special-love-friday-at-1812-brewery,7,-7,8,8,Yes
810,https://www.mdmountainside.com/specialty-food,7,-7,8,8,Yes
811,https://www.mdmountainside.com/spectrum-design-services-llc,7,-7,8,8,Yes
812,https://www.mdmountainside.com/sponaugle-towing,7,-7,8,8,Yes
813,https://www.mdmountainside.com/spring,5,-5,6,6,Yes
814,https://www.mdmountainside.com/spring-gap-boat-access,7,-7,8,8,Yes
815,https://www.mdmountainside.com/spun-from-light-woven-in-silence-paintings-on-glass-by-john-lyon-paul,7,-7,8,8,Yes
816,https://www.mdmountainside.com/ss-peter-paul-shrine,7,-7,8,8,Yes
817,https://www.mdmountainside.com/st-ambrose-church,7,-7,8,8,Yes
818,https://www.mdmountainside.com/st-georges-episcopal-church,7,-7,8,8,Yes
819,https://www.mdmountainside.com/st-james-episcopal-church,7,-7,8,8,Yes
820,https://www.mdmountainside.com/st-johns-episcopal-church,7,-7,8,8,Yes
821,https://www.mdmountainside.com/st-johns-lutheran-church,7,-7,8,8,Yes
822,https://www.mdmountainside.com/st-lukes-lutheran-church,7,-7,8,8,Yes
823,https://www.mdmountainside.com/st-marks-community-church,7,-7,8,8,Yes
824,https://www.mdmountainside.com/st-marys-catholic-church,7,-7,8,8,Yes
825,https://www.mdmountainside.com/st-matthews-united-church-of-christ,7,-7,8,8,Yes
826,https://www.mdmountainside.com/st-michaels-catholic-church-,7,-7,8,8,Yes
827,https://www.mdmountainside.com/st-patricks-catholic-church,7,-7,8,8,Yes
828,https://www.mdmountainside.com/st-pauls-lutheran-church,7,-7,8,8,Yes
829,https://www.mdmountainside.com/st-pauls-lutheran-church2,7,-7,8,8,Yes
830,https://www.mdmountainside.com/st-peters-episcopal-church,7,-7,8,8,Yes
831,https://www.mdmountainside.com/st-peters-rectory,7,-7,8,8,Yes
832,https://www.mdmountainside.com/standard-bank,7,-7,8,8,Yes
833,https://www.mdmountainside.com/standard-bank-cumberland,7,-7,8,8,Yes
834,https://www.mdmountainside.com/staples,7,-7,8,8,Yes
835,https://www.mdmountainside.com/station-x-hobby-store,7,-7,8,8,Yes
836,https://www.mdmountainside.com/steeped-in-traditions,7,-7,8,8,Yes
837,https://www.mdmountainside.com/sterling-optical,7,-7,8,8,Yes
838,https://www.mdmountainside.com/steves-pharmacy,7,-7,8,8,Yes
839,https://www.mdmountainside.com/stonebridge,7,-7,8,8,Yes
840,https://www.mdmountainside.com/storybook-holiday-2018,5,-5,6,6,Yes
841,https://www.mdmountainside.com/storytime-at-the-book-center-2018,5,-5,6,6,Yes
842,https://www.mdmountainside.com/strangerz-acoustic-sob-bbq-and-pink-and-drink-after-party-at-1812,7,-7,8,8,Yes
843,https://www.mdmountainside.com/submit-an-event,5,-5,7,7,Yes
844,https://www.mdmountainside.com/subway,7,-7,8,8,Yes
845,https://www.mdmountainside.com/summer,5,-5,6,6,Yes
846,https://www.mdmountainside.com/summer-mountain-cluster-dog-shows,7,-7,8,8,Yes
847,https://www.mdmountainside.com/summer-music-academy,7,-7,8,8,Yes
848,https://www.mdmountainside.com/summer-of-heritage,5,-5,6,6,Yes
849,https://www.mdmountainside.com/sunday-in-the-park-concert-series-28-speedway,7,-7,8,8,Yes
850,https://www.mdmountainside.com/sunday-in-the-park-concert-series-cramer-brothers,7,-7,8,8,Yes
851,https://www.mdmountainside.com/sunday-in-the-park-concert-series-hot-sauce-willie,7,-7,8,8,Yes
852,https://www.mdmountainside.com/sunday-in-the-park-concert-series-jazz-in-the-park-with-tom-harrison,7,-7,8,8,Yes
853,https://www.mdmountainside.com/sunday-in-the-park-concert-series-not-really-dan--steely-dan-tribute,7,-7,8,8,Yes
854,https://www.mdmountainside.com/sunday-in-the-park-concert-series-potomac-concert-band,7,-7,8,8,Yes
855,https://www.mdmountainside.com/sunday-in-the-park-concert-series-shades-of-blue,7,-7,8,8,Yes
856,https://www.mdmountainside.com/sunday-in-the-park-concert-series-shanty-irish,7,-7,8,8,Yes
857,https://www.mdmountainside.com/sunday-in-the-park-concert-series-surrender-dorothy,7,-7,8,8,Yes
858,https://www.mdmountainside.com/sunday-in-the-park-concert-series-tarnished-silver,7,-7,8,8,Yes
859,https://www.mdmountainside.com/super-8-motel,7,-7,8,8,Yes
860,https://www.mdmountainside.com/super-shoes,7,-7,8,8,Yes
861,https://www.mdmountainside.com/superhero-adventure-challenge,7,-7,8,8,Yes
862,https://www.mdmountainside.com/susquehanna-bank,7,-7,8,8,Yes
863,https://www.mdmountainside.com/taco-bell,7,-7,8,8,Yes
864,https://www.mdmountainside.com/tech-at-the-gap-igniting-innovation-18,5,-5,6,6,Yes
865,https://www.mdmountainside.com/terrys-jewelry,7,-7,8,8,Yes
866,https://www.mdmountainside.com/texas-grillhouse,7,-7,8,8,Yes
867,https://www.mdmountainside.com/the-acoustic-music-of-charlie-mcclanahan-and-good-carma-catering-at-1812-brewery,7,-7,8,8,Yes
868,https://www.mdmountainside.com/the-best-christmas-pageant-ever,7,-7,8,8,Yes
869,https://www.mdmountainside.com/the-book-center,3,-3,8,8,Yes
870,https://www.mdmountainside.com/the-church-of-saint-patrick,7,-7,8,8,Yes
871,https://www.mdmountainside.com/the-churchill-pub-restaurant,7,-7,8,8,Yes
872,https://www.mdmountainside.com/the-culinaire-cafe,7,-7,8,8,Yes
873,https://www.mdmountainside.com/the-draft-sports-bar-grille,7,-7,8,8,Yes
874,https://www.mdmountainside.com/the-edge-of-earth-and-sky,7,-7,8,8,Yes
875,https://www.mdmountainside.com/the-fall-foliage-experience-train,7,-7,8,8,Yes
876,https://www.mdmountainside.com/the-filling-station-diner,7,-7,8,8,Yes
877,https://www.mdmountainside.com/the-froyo-factory,7,-7,8,8,Yes
878,https://www.mdmountainside.com/the-gordon-roberts-house,7,-7,8,8,Yes
879,https://www.mdmountainside.com/the-greater-cumberland-regional-airport,7,-7,8,8,Yes
880,https://www.mdmountainside.com/the-gulf-war-memorial,7,-7,8,8,Yes
881,https://www.mdmountainside.com/the-hazen-gallery-at-allegany-college-of-maryland,7,-7,8,8,Yes
882,https://www.mdmountainside.com/the-irvin-allen--michael-cresap-museum-inc,7,-7,8,8,Yes
883,https://www.mdmountainside.com/the-knot-hole-craft-shop,4,-4,8,8,Yes
884,https://www.mdmountainside.com/the-magic-of-vince-a-tribute-to-the-great-houdini,7,-7,8,8,Yes
885,https://www.mdmountainside.com/the-manhattan-social,7,-7,8,8,Yes
886,https://www.mdmountainside.com/the-outback-lounge,7,-7,8,8,Yes
887,https://www.mdmountainside.com/the-palace-theatre,7,-7,8,8,Yes
888,https://www.mdmountainside.com/the-plate-scrapers-live-on-the-mccoury-family-stage,5,-5,6,6,Yes
889,https://www.mdmountainside.com/the-pros-from-dover-and-klavuhns-family,5,-5,6,6,Yes
890,https://www.mdmountainside.com/the-pros-from-dover-and-klavuhns-family-concessions-at-1812-brewery,7,-7,8,8,Yes
891,https://www.mdmountainside.com/the-rocky-horror-picture-show-(1975),5,-5,6,6,Yes
892,https://www.mdmountainside.com/the-shoe-dept,7,-7,8,8,Yes
893,https://www.mdmountainside.com/the-spa-at-rocky-gap-casino-,7,-7,8,8,Yes
894,https://www.mdmountainside.com/the-spanish-musical-diaspora-iberia-y-amrica,7,-7,8,8,Yes
895,https://www.mdmountainside.com/the-spring-dance-concert,7,-7,8,8,Yes
896,https://www.mdmountainside.com/the-strawberry-dog,7,-7,8,8,Yes
897,https://www.mdmountainside.com/the-summit,5,-5,6,6,Yes
898,https://www.mdmountainside.com/the-tea-cupboard,7,-7,8,8,Yes
899,https://www.mdmountainside.com/the-vapor-room,7,-7,8,8,Yes
900,https://www.mdmountainside.com/the-vapor-room2,7,-7,8,8,Yes
901,https://www.mdmountainside.com/things-to-do,5,-5,6,6,Yes
902,https://www.mdmountainside.com/third-friday-dance-session,7,-7,8,8,Yes
903,https://www.mdmountainside.com/third-friday-dance-session2,7,-7,8,8,Yes
904,https://www.mdmountainside.com/third-friday-dance-session23,7,-7,8,8,Yes
905,https://www.mdmountainside.com/thirsty-thursday-game-nights-at-1812,7,-7,8,8,Yes
906,https://www.mdmountainside.com/thrasher-carriage-museum,7,-7,8,8,Yes
907,https://www.mdmountainside.com/three-guys-guns,7,-7,8,8,Yes
908,https://www.mdmountainside.com/timbrook-honda-of-cumberland,7,-7,8,8,Yes
909,https://www.mdmountainside.com/tnt-dakota-saloon,7,-7,8,8,Yes
910,https://www.mdmountainside.com/to-sing-to-the-lute,5,-5,6,6,Yes
911,https://www.mdmountainside.com/to-sing-to-the-lute-cumberland,5,-5,6,6,Yes
912,https://www.mdmountainside.com/toasted-goat-and-hotel-gunter-grand-opening-and-ribbon-cutting,7,-7,8,8,Yes
913,https://www.mdmountainside.com/toasted-goat-winery-tasting-room,7,-7,8,8,Yes
914,https://www.mdmountainside.com/todds-smokin-bar-b-q,7,-7,8,8,Yes
915,https://www.mdmountainside.com/top-10-fall-activities,5,-5,6,6,Yes
916,https://www.mdmountainside.com/tourism-grant-2019,5,-5,6,6,Yes
917,https://www.mdmountainside.com/town-creek-aqueduct-boat-access,7,-7,8,8,Yes
918,https://www.mdmountainside.com/trail-inn-and-campground,7,-7,8,8,Yes
919,https://www.mdmountainside.com/trail-inn-lodging-and-campground,7,-7,8,8,Yes
920,https://www.mdmountainside.com/trailguide-features-cumberland-md,5,-5,6,6,Yes
921,https://www.mdmountainside.com/trails,5,-5,6,6,Yes
922,https://www.mdmountainside.com/transportation,7,-7,8,8,Yes
923,https://www.mdmountainside.com/twisteez-ice-cream,7,-7,8,8,Yes
924,https://www.mdmountainside.com/uncle-jacks-pizzeria-pub,7,-7,8,8,Yes
925,https://www.mdmountainside.com/union-grove-one-room-schoolhouse,7,-7,8,8,Yes
926,https://www.mdmountainside.com/valentines-day-2019,5,-5,6,6,Yes
927,https://www.mdmountainside.com/valero,7,-7,8,8,Yes
928,https://www.mdmountainside.com/victorian-creations,7,-7,8,8,Yes
929,https://www.mdmountainside.com/vietnam-veterans-of-america-chapter-172-museum,7,-7,8,8,Yes
930,https://www.mdmountainside.com/wal-mart-supercenter,7,-7,8,8,Yes
931,https://www.mdmountainside.com/walkers-exxon,7,-7,8,8,Yes
932,https://www.mdmountainside.com/walmart-supercenter,7,-7,8,8,Yes
933,https://www.mdmountainside.com/walmart-vision-center,7,-7,8,8,Yes
934,https://www.mdmountainside.com/walsh-mccagh-kellough-pharmacy,7,-7,8,8,Yes
935,https://www.mdmountainside.com/warrant-in-concert,7,-7,8,8,Yes
936,https://www.mdmountainside.com/warrior-mountain-paintball,7,-7,8,8,Yes
937,https://www.mdmountainside.com/wasabi-japanese-cuisine,7,-7,8,8,Yes
938,https://www.mdmountainside.com/water-fun,7,-7,8,8,Yes
939,https://www.mdmountainside.com/weddings,5,-5,6,6,Yes
940,https://www.mdmountainside.com/weinerfest,5,-5,6,6,Yes
941,https://www.mdmountainside.com/weinerfest-ii,5,-5,6,6,Yes
942,https://www.mdmountainside.com/weinerfest-ii-presents-hot-sauce-willie,7,-7,8,8,Yes
943,https://www.mdmountainside.com/weinerfest-ii-presents-queen-city-funk-and-soul,7,-7,8,8,Yes
944,https://www.mdmountainside.com/weis-market-mcmullen-hwy,7,-7,8,8,Yes
945,https://www.mdmountainside.com/welsh-memorial-baptist-church,7,-7,8,8,Yes
946,https://www.mdmountainside.com/wendys-old-fashioned-hamburgers,7,-7,8,8,Yes
947,https://www.mdmountainside.com/wendys-old-fashioned-hamburgers-2,7,-7,8,8,Yes
948,https://www.mdmountainside.com/western-maryland-animal-hospital,7,-7,8,8,Yes
949,https://www.mdmountainside.com/western-maryland-craft-beverage-festival,7,-7,8,8,Yes
950,https://www.mdmountainside.com/western-maryland-dermatology,3,-3,8,8,Yes
951,https://www.mdmountainside.com/western-maryland-gallery,7,-7,8,8,Yes
952,https://www.mdmountainside.com/western-maryland-health-system,7,-7,8,8,Yes
953,https://www.mdmountainside.com/western-maryland-music-center,7,-7,8,8,Yes
954,https://www.mdmountainside.com/western-maryland-music-festival,4,-4,6,6,Yes
955,https://www.mdmountainside.com/western-maryland-railway-station-at-canal-place,7,-7,8,8,Yes
956,https://www.mdmountainside.com/western-maryland-scenic-railroad,7,-7,8,8,Yes
957,https://www.mdmountainside.com/western-maryland-scenic-railroad-gift-shop,7,-7,8,8,Yes
958,https://www.mdmountainside.com/western-md-street-rod-roundup,7,-7,8,8,Yes
959,https://www.mdmountainside.com/western-mountains-chapter-of-the-maryland-native-plant-society,5,-5,6,6,Yes
960,https://www.mdmountainside.com/westernport-boat-access,7,-7,8,8,Yes
961,https://www.mdmountainside.com/westernport-church-of-the-brethren,7,-7,8,8,Yes
962,https://www.mdmountainside.com/westernport-heritage-society-station-museum,7,-7,8,8,Yes
963,https://www.mdmountainside.com/white-christmas,7,-7,8,8,Yes
964,https://www.mdmountainside.com/white-christmas-matinee,7,-7,8,8,Yes
965,https://www.mdmountainside.com/wholesome-harvest-co-op,7,-7,8,8,Yes
966,https://www.mdmountainside.com/williams-stained-glass-studio,7,-7,8,8,Yes
967,https://www.mdmountainside.com/wills-creek-exhibition,7,-7,8,8,Yes
968,https://www.mdmountainside.com/window-expressions,7,-7,8,8,Yes
969,https://www.mdmountainside.com/winifred-road-church-of-christ,7,-7,8,8,Yes
970,https://www.mdmountainside.com/winnies-rock-cauldron-cabaret,7,-7,8,8,Yes
971,https://www.mdmountainside.com/winterland-on-the-western-maryland,7,-7,8,8,Yes
972,https://www.mdmountainside.com/winters-towing,7,-7,8,8,Yes
973,https://www.mdmountainside.com/wmhs-farmers-market,7,-7,8,8,Yes
974,https://www.mdmountainside.com/world-war-i-in-your-attic-western-maryland-in-the-first-world-war,7,-7,8,8,Yes
975,https://www.mdmountainside.com/worn-out-flannels-and-sweet-dreams-food-truck-at-1812-brewery,5,-5,6,6,Yes
976,https://www.mdmountainside.com/worn-out-flannels-plus-chef-pauls-kitchen-at-1812-brewery,7,-7,8,8,Yes
977,https://www.mdmountainside.com/yamato-steakhouse-of-japan,7,-7,8,8,Yes
978,https://www.mdmountainside.com/yellow-cab-co,7,-7,8,8,Yes
979,https://www.mdmountainside.com/yellow-k-records,7,-7,8,8,Yes
980,https://www.mdmountainside.com/zula-patrol-down-to-earth,5,-5,6,6,Yes
