,URL,Passes PageRank,No. Internal Follow Links with Non Descriptive Text,No. Internal Followed Links,No. Internal Followed Linking URLs,No. Internal Nofollow Links,No. Internal Nofollow Linking URLs,Has Follow and Nofollow Links,Indexable,Indexable Status
0,https://www.mdmountainside.com/2019-destination-guide,Yes,1,4,2,0,0,No,Yes,Indexable
1,https://www.mdmountainside.com/allegany-county-restaurant-week-2018,Yes,1,4,2,0,0,No,Yes,Indexable
2,https://www.mdmountainside.com/allegany-county-visitor-center,Yes,1,1007,994,0,0,No,Yes,Indexable
3,https://www.mdmountainside.com/best-of-the-blue-ridge-2019,Yes,1,4,2,0,0,No,Yes,Indexable
4,https://www.mdmountainside.com/blog/allegany-county-ice-cream-trail,Yes,2,11,8,0,0,No,Yes,Indexable
5,https://www.mdmountainside.com/blog/best-places-to-cool-off,Yes,2,5,3,0,0,No,Yes,Indexable
6,https://www.mdmountainside.com/blog/cumberland-historic-walking-tour,Yes,1,4,2,0,0,No,Yes,Indexable
7,https://www.mdmountainside.com/blog/favorite-places-for-a-warm-drink-on-a-cold-day,Yes,1,4,2,0,0,No,Yes,Indexable
8,https://www.mdmountainside.com/blog/happy-mlb-opening-day,Yes,1,4,2,0,0,No,Yes,Indexable
9,https://www.mdmountainside.com/blog/he-really-did-sleep-here-george-washington-in-allegany-county,Yes,1,4,2,0,0,No,Yes,Indexable
10,https://www.mdmountainside.com/blog/love-is-in-the-mountain-maryland-air,Yes,1,5,3,0,0,No,Yes,Indexable
11,https://www.mdmountainside.com/blog/made-in-allegany-county-md,Yes,1,6,4,0,0,No,Yes,Indexable
12,https://www.mdmountainside.com/blog/mothers-day-in-mountain-maryland,Yes,1,4,2,0,0,No,Yes,Indexable
13,https://www.mdmountainside.com/blog/mountain-maryland-easter-egg-hunts,Yes,1,4,2,0,0,No,Yes,Indexable
14,https://www.mdmountainside.com/blog/must-do-winter-activities,Yes,1,7,4,0,0,No,Yes,Indexable
15,https://www.mdmountainside.com/blog/national-day-of-unplugging,Yes,1,4,2,0,0,No,Yes,Indexable
16,https://www.mdmountainside.com/blog/plan-for-vacation-day,Yes,1,4,2,0,0,No,Yes,Indexable
17,https://www.mdmountainside.com/blog/spooktacular-halloween-activities-2018,Yes,1,4,2,0,0,No,Yes,Indexable
18,https://www.mdmountainside.com/blog/spring-bucket-list,Yes,1,5,3,0,0,No,Yes,Indexable
19,https://www.mdmountainside.com/blog/summer-bucket-list,Yes,1,4,2,0,0,No,Yes,Indexable
20,https://www.mdmountainside.com/blog/summer-of-music,Yes,1,7,4,0,0,No,Yes,Indexable
21,https://www.mdmountainside.com/blog/top-activities-for-the-whole-family,Yes,1,5,3,0,0,No,Yes,Indexable
22,https://www.mdmountainside.com/blog/top-five-reasons-to-bike-allegany-county-md,Yes,1,6,4,0,0,No,Yes,Indexable
23,https://www.mdmountainside.com/blog/top-places-for-a-great-margarita-in-allegany-county-md,Yes,1,4,2,0,0,No,Yes,Indexable
24,https://www.mdmountainside.com/blog/top-places-to-dine-al-fresco-allegany-county-the-mountain-side-of-maryland,Yes,1,5,3,0,0,No,Yes,Indexable
25,https://www.mdmountainside.com/blog/unforgettable-leaf-peeping-locations,Yes,1,4,2,0,0,No,Yes,Indexable
26,https://www.mdmountainside.com/blog/why-do-you-enjoy-cycling-in-mountain-maryland,Yes,1,4,2,0,0,No,Yes,Indexable
27,https://www.mdmountainside.com/blog/your-guide-to-small-business-saturday,Yes,1,4,2,0,0,No,Yes,Indexable
28,https://www.mdmountainside.com/byways,Yes,1,1002,994,0,0,No,Yes,Indexable
29,https://www.mdmountainside.com/canal-place-heritage-park,Yes,1,20,18,0,0,No,Yes,Indexable
30,https://www.mdmountainside.com/come-early-stay-late-2019,Yes,1,6,4,0,0,No,Yes,Indexable
31,https://www.mdmountainside.com/cumberland-christmas-tree-lighting-2018,Yes,1,2,2,1,1,Yes,Yes,Indexable
32,https://www.mdmountainside.com/cumberland-dining,Yes,1,2,2,0,0,No,Yes,Indexable
33,https://www.mdmountainside.com/curtis-coney-island-famous-weiners,Yes,1,4,2,0,0,No,Yes,Indexable
34,https://www.mdmountainside.com/cycling,Yes,1,998,994,0,0,No,Yes,Indexable
35,https://www.mdmountainside.com/delfest/resources/transportation,Yes,1,2,2,2,2,Yes,Yes,Indexable
36,https://www.mdmountainside.com/facebook-giveaway-national-cheeseburger-day,Yes,1,4,2,0,0,No,Yes,Indexable
37,https://www.mdmountainside.com/fairfield-inn-and-suites,Yes,1,11,7,0,0,No,Yes,Indexable
38,https://www.mdmountainside.com/fall-in-love-with-the-arts-2018,Yes,1,4,2,1,1,Yes,Yes,Indexable
39,https://www.mdmountainside.com/getting-around,Yes,1,4,4,0,0,No,Yes,Indexable
40,https://www.mdmountainside.com/great-allegheny-passage,Yes,1,18,13,2,2,Yes,Yes,Indexable
41,https://www.mdmountainside.com/history-and-heritage,Yes,1,1002,994,0,0,No,Yes,Indexable
42,https://www.mdmountainside.com/holideal,Yes,1,4,2,0,0,No,Yes,Indexable
43,https://www.mdmountainside.com/lights-by-the-lake-2018,Yes,1,3,3,0,0,No,Yes,Indexable
44,https://www.mdmountainside.com/mountain-maryland-2018-photo-contest,Yes,1,4,2,0,0,No,Yes,Indexable
45,https://www.mdmountainside.com/mountain-maryland-photo-contest-2019,Yes,1,4,2,0,0,No,Yes,Indexable
46,https://www.mdmountainside.com/mountainmarylanddeluxe,Yes,1,4,2,0,0,No,Yes,Indexable
47,https://www.mdmountainside.com/new-years-eve-2019,Yes,1,4,2,0,0,No,Yes,Indexable
48,https://www.mdmountainside.com/news-mountain-maryland-marketing-and-tourism-summit-launches-in-allegany-county-maryland,Yes,1,4,2,0,0,No,Yes,Indexable
49,https://www.mdmountainside.com/news/2018-destination-guide,Yes,1,4,2,0,0,No,Yes,Indexable
50,https://www.mdmountainside.com/news/allegany-county-tourism-announces-winners-for-2018-mountain-maryland-photo-contest,Yes,1,4,2,0,0,No,Yes,Indexable
51,https://www.mdmountainside.com/news/best-of-awards,Yes,1,7,5,1,1,Yes,Yes,Indexable
52,https://www.mdmountainside.com/news/blue-ridge-outdoors-best-of-awards-2019,Yes,1,4,2,0,0,No,Yes,Indexable
53,https://www.mdmountainside.com/news/cumberland-maryland-selected-as-one-of-travel-channels-50-most-charming-small-towns-in-america,Yes,1,4,2,0,0,No,Yes,Indexable
54,https://www.mdmountainside.com/news/cumberland-md-selected-as-top-adventure-town,Yes,3,9,5,0,0,No,Yes,Indexable
55,https://www.mdmountainside.com/news/enterprise-rent-a-car-films-in-cumberland-md,Yes,1,4,2,0,0,No,Yes,Indexable
56,https://www.mdmountainside.com/outdoors,Yes,1,1000,994,0,0,No,Yes,Indexable
57,https://www.mdmountainside.com/parks-and-forests,Yes,1,1005,994,2,2,Yes,Yes,Indexable
58,https://www.mdmountainside.com/places-to-stay,Yes,2,1016,994,3,3,Yes,Yes,Indexable
59,https://www.mdmountainside.com/river-access,Yes,1,5,4,0,0,No,Yes,Indexable
60,https://www.mdmountainside.com/summer-of-heritage,Yes,1,3,3,0,0,No,Yes,Indexable
61,https://www.mdmountainside.com/top-10-fall-activities,Yes,1,4,2,0,0,No,Yes,Indexable
62,https://www.mdmountainside.com/tourism-grant-2019,Yes,1,4,2,0,0,No,Yes,Indexable
63,https://www.mdmountainside.com/trailguide-features-cumberland-md,Yes,1,4,2,0,0,No,Yes,Indexable
64,https://www.mdmountainside.com/transportation,Yes,1,3,2,0,0,No,Yes,Indexable
65,https://www.mdmountainside.com/tri-state-wing-off,Yes,1,2,2,0,0,No,No,Not Found
66,https://www.mdmountainside.com/valentines-day-2019,Yes,1,2,2,0,0,No,Yes,Indexable
67,https://www.mdmountainside.com/water-fun,Yes,1,997,994,0,0,No,Yes,Indexable
68,https://www.mdmountainside.com/western-maryland-scenic-railroad,Yes,2,41,37,4,2,Yes,Yes,Indexable
69,https://www.mdmountainside.com/winterland-on-the-western-maryland,Yes,1,3,3,2,2,Yes,Yes,Indexable
