,URL,Passes PageRank,No. Internal Followed Links,No. Internal Followed Linking URLs,No. Internal Nofollow Links,No. Internal Nofollow Linking URLs,Has Follow and Nofollow Links
0,https://www.mdmountainside.com/,Yes,1989,994,2,1,Yes
1,https://www.mdmountainside.com/10th-annual-mountain-maryland-plein-air,Yes,2,2,1,1,Yes
2,https://www.mdmountainside.com/1812-brewery,Yes,57,45,1,1,Yes
3,https://www.mdmountainside.com/allegany-arts-council,Yes,20,19,1,1,Yes
4,https://www.mdmountainside.com/arts-and-culture,Yes,997,994,1,1,Yes
5,https://www.mdmountainside.com/basecamp-coffee-company,Yes,7,4,1,1,Yes
6,https://www.mdmountainside.com/catering,Yes,1,1,1,1,Yes
7,https://www.mdmountainside.com/ces-concert-series-presents-an-evening-with-leann-rimes,Yes,2,2,1,1,Yes
8,https://www.mdmountainside.com/charis-winery-distillery,Yes,5,3,1,1,Yes
9,https://www.mdmountainside.com/churches,Yes,4,3,1,1,Yes
10,https://www.mdmountainside.com/co-canal-towpath,Yes,50,44,2,2,Yes
11,https://www.mdmountainside.com/cumberland-christmas-tree-lighting-2018,Yes,2,2,1,1,Yes
12,https://www.mdmountainside.com/day-of-the-dead-skull-painting-workshop,Yes,2,2,1,1,Yes
13,https://www.mdmountainside.com/delfest/resources,Yes,1,1,2,2,Yes
14,https://www.mdmountainside.com/delfest/resources/transportation,Yes,2,2,2,2,Yes
15,https://www.mdmountainside.com/downtown-cumberlands-shop-small-saturday,Yes,2,2,1,1,Yes
16,https://www.mdmountainside.com/early-rise-flies,Yes,9,5,1,1,Yes
17,https://www.mdmountainside.com/eat-and-drink,Yes,1009,994,2,2,Yes
18,https://www.mdmountainside.com/fall-arts,Yes,1,1,1,1,Yes
19,https://www.mdmountainside.com/fall-in-love-with-the-arts-2018,Yes,4,2,1,1,Yes
20,https://www.mdmountainside.com/frostburg-tree-lighting-ceremony,Yes,1,1,1,1,Yes
21,https://www.mdmountainside.com/great-allegheny-passage,Yes,18,13,2,2,Yes
22,https://www.mdmountainside.com/green-ridge-state-forest,Yes,20,17,2,2,Yes
23,https://www.mdmountainside.com/handmade-holiday-fair-2018,Yes,1,1,1,1,Yes
24,https://www.mdmountainside.com/highlands-american-music-series-presents-the-becky-buller-band,Yes,1,1,1,1,Yes
25,https://www.mdmountainside.com/mcfarland-candies,Yes,2,2,1,1,Yes
26,https://www.mdmountainside.com/milestone-cube-company,Yes,4,3,1,1,Yes
27,https://www.mdmountainside.com/mountain-maryland-artist-studio-tours,Yes,2,2,1,1,Yes
28,https://www.mdmountainside.com/news/best-of-awards,Yes,7,5,1,1,Yes
29,https://www.mdmountainside.com/parks-and-forests,Yes,1005,994,2,2,Yes
30,https://www.mdmountainside.com/places-to-stay,Yes,1016,994,3,3,Yes
31,https://www.mdmountainside.com/plan-visit,Yes,995,994,1,1,Yes
32,https://www.mdmountainside.com/queen-city-film-festival-(qcff)-2018,Yes,2,2,1,1,Yes
33,https://www.mdmountainside.com/request-a-guide,Yes,999,994,1,1,Yes
34,https://www.mdmountainside.com/resources,Yes,1005,994,1,1,Yes
35,https://www.mdmountainside.com/rocky-gap-casino-resort,Yes,20,14,4,2,Yes
36,https://www.mdmountainside.com/rocky-gap-state-park,Yes,30,20,2,2,Yes
37,https://www.mdmountainside.com/the-summit,Yes,1,1,2,2,Yes
38,https://www.mdmountainside.com/things-to-do,Yes,996,994,2,2,Yes
39,https://www.mdmountainside.com/western-maryland-scenic-railroad,Yes,41,37,4,2,Yes
40,https://www.mdmountainside.com/winterland-on-the-western-maryland,Yes,3,3,2,2,Yes
