,URL,Total Page Size (kB),Total CSS Size (kB),No. Style Sheets
0,https://www.mdmountainside.com/,3912.58,649.0,7
1,https://www.mdmountainside.com/10th-annual-mountain-maryland-plein-air,3221.8,602.18,6
2,https://www.mdmountainside.com/1812-brewery,1433.95,602.18,6
3,https://www.mdmountainside.com/1812-brewery-farmerscraftsflea-market,1370.26,602.18,6
4,https://www.mdmountainside.com/1812-brewery-farmerscraftsflea-market2,1369.06,602.18,6
5,https://www.mdmountainside.com/1812-brewery-farmerscraftsflea-market23,1369.07,602.18,6
6,https://www.mdmountainside.com/1812-brewery-farmerscraftsflea-market234,1369.08,602.18,6
7,https://www.mdmountainside.com/1812-brewery-holiday-flea-market-and-brunch-with-santa,750.95,602.18,6
8,https://www.mdmountainside.com/1812-brewery-presents-musician-gibb-cochrum-and-food-by-chef-pauls-kitchen,938.66,602.18,6
9,https://www.mdmountainside.com/1812-brewery-presents-musician-jacob-blank-and-bbq-beast,790.46,602.18,6
10,https://www.mdmountainside.com/1812-octobeerfest-dinner-with-good-carma-catering,1440.26,602.18,6
11,https://www.mdmountainside.com/1812s-howl-o-ween-party,794.92,602.18,6
12,https://www.mdmountainside.com/18th-annual-labor-day-supercruise,912.88,602.18,6
13,https://www.mdmountainside.com/1978-bishop-walsh-city-championship-football-reunion-with-night-traveler-and-wamba-caravan-89,893.3,602.18,6
14,https://www.mdmountainside.com/2018-cumberland-holiday-historic-home-tour,1640.5,602.18,6
15,https://www.mdmountainside.com/2018-halloween-bash-with-rubix-kube,1194.74,602.18,6
16,https://www.mdmountainside.com/2018-western-maryland-kidney-ride,1108.66,602.18,6
17,https://www.mdmountainside.com/2019-destination-guide,2812.65,598.65,5
18,https://www.mdmountainside.com/2nd-annual-ugly-christmas-sweater-party-at-1812-brewery,1267.5,602.18,6
19,https://www.mdmountainside.com/2nd-annual-ymca-dragons-on-the-lake,1006.9,602.18,6
20,https://www.mdmountainside.com/30th-annual-iron-furnace-5k-and-fun-walk,1190.62,602.18,6
21,https://www.mdmountainside.com/32nd-annual-coney-days-coney-days-campfire,790.42,602.18,6
22,https://www.mdmountainside.com/32nd-annual-coney-days-sunday-in-the-park,803.66,602.18,6
23,https://www.mdmountainside.com/3m-challenge-bike-ride,1008.54,602.18,6
24,https://www.mdmountainside.com/4th-annual-brush-tunnel-marathon-and-half-marathon,782.12,602.18,6
25,https://www.mdmountainside.com/4th-of-july-fireworks,805.62,598.65,5
26,https://www.mdmountainside.com/5th-annual-gap-marathon-and-half-marathon,798.56,602.18,6
27,https://www.mdmountainside.com/5th-annual-howards-run-festival,976.99,602.18,6
28,https://www.mdmountainside.com/5th-last-dale-murray-memorial-benefit-motorcycle-ride,793.61,602.18,6
29,https://www.mdmountainside.com/69th-annual-south-cumberland-business-and-civic-association-marsha-l-thomas-memorial-halloween-parade,1048.17,602.18,6
30,https://www.mdmountainside.com/7-cs-lodging,2367.16,602.18,6
31,https://www.mdmountainside.com/9-decatur-guest-house-and-hostel,929.83,602.18,6
32,https://www.mdmountainside.com/9-north-centre-for-the-arts,1178.5,602.18,6
33,https://www.mdmountainside.com/Delfest,2665.74,598.65,5
34,https://www.mdmountainside.com/a-festival-of-lessons-and-carols-for-christmas,894.6,602.18,6
35,https://www.mdmountainside.com/about,2180.63,598.65,5
36,https://www.mdmountainside.com/about-allegany-county-tourism,1900.77,598.65,5
37,https://www.mdmountainside.com/accent-on-health-chiropractic-massage,805.31,602.18,6
38,https://www.mdmountainside.com/acre-coworking,916.39,602.18,6
39,https://www.mdmountainside.com/al-gar-federal-credit-union,816.19,602.18,6
40,https://www.mdmountainside.com/aldi-grocery-store,1031.44,602.18,6
41,https://www.mdmountainside.com/ali-ghan-shrine-club,849.42,602.18,6
42,https://www.mdmountainside.com/allegania,1681.27,602.18,6
43,https://www.mdmountainside.com/allegany-arts-council,3779.33,602.18,6
44,https://www.mdmountainside.com/allegany-chiropractic-center,1011.37,602.18,6
45,https://www.mdmountainside.com/allegany-college-of-maryland,765.49,602.18,6
46,https://www.mdmountainside.com/allegany-county-fair-ag-expo,944.99,602.18,6
47,https://www.mdmountainside.com/allegany-county-fairgrounds,1752.08,602.18,6
48,https://www.mdmountainside.com/allegany-county-library-system,3315.5,602.18,6
49,https://www.mdmountainside.com/allegany-county-march-for-babies,848.56,602.18,6
50,https://www.mdmountainside.com/allegany-county-restaurant-week,947.25,602.18,6
51,https://www.mdmountainside.com/allegany-county-restaurant-week-2018,3554.18,598.65,5
52,https://www.mdmountainside.com/allegany-county-schools,813.48,602.18,6
53,https://www.mdmountainside.com/allegany-county-teachers-credit-union,907.94,602.18,6
54,https://www.mdmountainside.com/allegany-county-transit-,761.29,602.18,6
55,https://www.mdmountainside.com/allegany-county-visitor-center,1834.67,602.18,6
56,https://www.mdmountainside.com/allegany-liquor-store,872.8,602.18,6
57,https://www.mdmountainside.com/allegany-museum,2234.26,602.18,6
58,https://www.mdmountainside.com/allegheny-trail-house-bed-breakfast,1378.29,602.18,6
59,https://www.mdmountainside.com/alpacas-at-rivers-edge-farm,1043.78,602.18,6
60,https://www.mdmountainside.com/an-evening-at-1812-with-gibb-cochrum-and-mighty-kimchi-food-truck,938.31,602.18,6
61,https://www.mdmountainside.com/annies-sleep-center,846.1,602.18,6
62,https://www.mdmountainside.com/appalachia-awakening,819.11,602.18,6
63,https://www.mdmountainside.com/appalachian-festival,1500.92,602.18,6
64,https://www.mdmountainside.com/appels-gateway,1128.77,602.18,6
65,https://www.mdmountainside.com/applebees-restaurant,767.85,602.18,6
66,https://www.mdmountainside.com/apples-east-coast-motorcycle-rally,899.72,602.18,6
67,https://www.mdmountainside.com/arbys,787.57,602.18,6
68,https://www.mdmountainside.com/ark-candles-soaps,1370.29,602.18,6
69,https://www.mdmountainside.com/around-the-back-family-chiropractic,744.64,602.18,6
70,https://www.mdmountainside.com/art-exhibit-by-sheri-sensabaugh-the-fabric-of-my-life,941.18,602.18,6
71,https://www.mdmountainside.com/art-exhibition-art-and-soul-ii-by-susan-g-devan,2529.46,602.18,6
72,https://www.mdmountainside.com/arts-and-culture,1561.83,602.18,6
73,https://www.mdmountainside.com/aspen-dental,716.51,602.18,6
74,https://www.mdmountainside.com/azads-of-cumberland-at-the-qashqai-gallery,987.9,602.18,6
75,https://www.mdmountainside.com/b-rads-pizza,875.07,602.18,6
76,https://www.mdmountainside.com/back-by-popular-demand-the-fly-birds,887.41,602.18,6
77,https://www.mdmountainside.com/baltimore-street-collectibles,921.5,602.18,6
78,https://www.mdmountainside.com/baltimore-street-grill,1365.72,602.18,6
79,https://www.mdmountainside.com/banana-leaf,931.44,602.18,6
80,https://www.mdmountainside.com/banks,899.58,602.18,6
81,https://www.mdmountainside.com/barbaras-hallmark,763.34,602.18,6
82,https://www.mdmountainside.com/bark4life,810.71,602.18,6
83,https://www.mdmountainside.com/barkin-basement-thrift-shop,869.46,602.18,6
84,https://www.mdmountainside.com/barkin-basement-thrift-shop-sidewalk-sale,1521.37,602.18,6
85,https://www.mdmountainside.com/bars-and-nighttlife,1819.74,602.18,6
86,https://www.mdmountainside.com/bartons-towing-auto-service,1055.63,602.18,6
87,https://www.mdmountainside.com/basecamp-coffee-company,985.97,602.18,6
88,https://www.mdmountainside.com/baxters-gourmet-catering,1371.28,602.18,6
89,https://www.mdmountainside.com/bay-runner-shuttle,711.83,602.18,6
90,https://www.mdmountainside.com/bb-country-meats,922.26,602.18,6
91,https://www.mdmountainside.com/beckmans-greene-street-pharmacy-inc,842.27,602.18,6
92,https://www.mdmountainside.com/bed-and-breakfasts,1250.11,602.18,6
93,https://www.mdmountainside.com/beer-pairing-dinner-featuring-1812-brewery-and-good-carma-catering,801.81,602.18,6
94,https://www.mdmountainside.com/beer-wine-spirits-,828.86,602.18,6
95,https://www.mdmountainside.com/beginnings-montessori,807.04,602.18,6
96,https://www.mdmountainside.com/ber-chayim-temple-,816.64,602.18,6
97,https://www.mdmountainside.com/best-of-the-blue-ridge-2019,1784.4,598.65,5
98,https://www.mdmountainside.com/best-western-braddock,783.56,602.18,6
99,https://www.mdmountainside.com/bethel-holiness-church,859.54,602.18,6
100,https://www.mdmountainside.com/big-lots,786.96,602.18,6
101,https://www.mdmountainside.com/bills-place,789.01,602.18,6
102,https://www.mdmountainside.com/black-guy-fawkes-on-stage-at-1812-brewery,793.84,602.18,6
103,https://www.mdmountainside.com/black-guy-fawkes-plus-good-carma-catering-at-1812-brewery,822.37,602.18,6
104,https://www.mdmountainside.com/black-oak-bottom-boat-access,1151.56,602.18,6
105,https://www.mdmountainside.com/blog,2573.49,598.65,5
106,https://www.mdmountainside.com/blog/allegany-county-ice-cream-trail,2265.33,598.65,5
107,https://www.mdmountainside.com/blog/best-places-to-cool-off,1261.4,598.65,5
108,https://www.mdmountainside.com/blog/cumberland-historic-walking-tour,1575.27,598.65,5
109,https://www.mdmountainside.com/blog/favorite-places-for-a-warm-drink-on-a-cold-day,760.46,598.65,5
110,https://www.mdmountainside.com/blog/happy-mlb-opening-day,644.75,598.65,5
111,https://www.mdmountainside.com/blog/he-really-did-sleep-here-george-washington-in-allegany-county,2401.24,616.29,5
112,https://www.mdmountainside.com/blog/love-is-in-the-mountain-maryland-air,573.65,598.65,5
113,https://www.mdmountainside.com/blog/made-in-allegany-county-md,1372.98,598.65,5
114,https://www.mdmountainside.com/blog/mothers-day-in-mountain-maryland,1109.65,598.65,5
115,https://www.mdmountainside.com/blog/mountain-maryland-easter-egg-hunts,595.88,598.65,5
116,https://www.mdmountainside.com/blog/must-do-winter-activities,1953.58,598.65,5
117,https://www.mdmountainside.com/blog/national-day-of-unplugging,1303.21,598.65,5
118,https://www.mdmountainside.com/blog/plan-for-vacation-day,1906.48,598.65,5
119,https://www.mdmountainside.com/blog/spooktacular-halloween-activities-2018,1018.23,598.65,5
120,https://www.mdmountainside.com/blog/spring-bucket-list,2554.83,598.65,5
121,https://www.mdmountainside.com/blog/summer-bucket-list,1411.21,598.65,5
122,https://www.mdmountainside.com/blog/summer-of-music,1546.4,598.65,5
123,https://www.mdmountainside.com/blog/top-activities-for-the-whole-family,1988.84,598.65,5
124,https://www.mdmountainside.com/blog/top-five-reasons-to-bike-allegany-county-md,1105.17,598.65,5
125,https://www.mdmountainside.com/blog/top-places-for-a-great-margarita-in-allegany-county-md,1044.07,598.65,5
126,https://www.mdmountainside.com/blog/top-places-to-dine-al-fresco-allegany-county-the-mountain-side-of-maryland,1752.1,598.65,5
127,https://www.mdmountainside.com/blog/unforgettable-leaf-peeping-locations,2395.87,598.65,5
128,https://www.mdmountainside.com/blog/why-do-you-enjoy-cycling-in-mountain-maryland,742.91,598.65,5
129,https://www.mdmountainside.com/blog/your-guide-to-small-business-saturday,3963.25,598.65,5
130,https://www.mdmountainside.com/blue-highway-concert,870.02,602.18,6
131,https://www.mdmountainside.com/bob-evans-restaurant-,964.89,602.18,6
132,https://www.mdmountainside.com/bonds-landing-boat-access,927.05,602.18,6
133,https://www.mdmountainside.com/breakfast-with-the-elves-2018,956.74,602.18,6
134,https://www.mdmountainside.com/brews-wines-and-spirits,1385.48,602.18,6
135,https://www.mdmountainside.com/buckleys-24-hr-towing,822.02,602.18,6
136,https://www.mdmountainside.com/buffalo-wild-wings,784.77,602.18,6
137,https://www.mdmountainside.com/busters-treats,866.26,602.18,6
138,https://www.mdmountainside.com/buttercup-boutique,1328.47,602.18,6
139,https://www.mdmountainside.com/byways,1588.29,598.65,5
140,https://www.mdmountainside.com/c-o-canal-national-park-camping,928.09,602.18,6
141,https://www.mdmountainside.com/c-william-gilchrist-gallery-and-museum,1222.98,602.18,6
142,https://www.mdmountainside.com/cabins-and-campgrounds,1673.41,602.18,6
143,https://www.mdmountainside.com/cafe-mark,843.99,602.18,6
144,https://www.mdmountainside.com/calvary-baptist-church-calvary-christian-academy,921.54,602.18,6
145,https://www.mdmountainside.com/calvary-bible-church--independent-baptist,798.71,602.18,6
146,https://www.mdmountainside.com/camp-potomac,2376.54,602.18,6
147,https://www.mdmountainside.com/canal-boat-replica-the-cumberland,1527.29,602.18,6
148,https://www.mdmountainside.com/canal-place-farmers-market,1021.33,602.18,6
149,https://www.mdmountainside.com/canal-place-heritage-park,2015.65,602.18,6
150,https://www.mdmountainside.com/canine-couture,785.42,602.18,6
151,https://www.mdmountainside.com/caporales-bakery-inc,816.22,602.18,6
152,https://www.mdmountainside.com/cartridges-galore,794.67,602.18,6
153,https://www.mdmountainside.com/casinos,1116.82,602.18,6
154,https://www.mdmountainside.com/catering,1360.52,602.18,6
155,https://www.mdmountainside.com/centenary-united-methodist-church,746.9,602.18,6
156,https://www.mdmountainside.com/central-assembly-of-god,905.89,602.18,6
157,https://www.mdmountainside.com/ces-at-frostburg-state-university,2096.03,602.18,6
158,https://www.mdmountainside.com/ces-at-frostburg-state-university-presents-1st-project,954.32,602.18,6
159,https://www.mdmountainside.com/ces-at-frostburg-state-university-presents-an-evening-with-jo-dee-messina,808.35,602.18,6
160,https://www.mdmountainside.com/ces-at-frostburg-state-university-presents-banda-magda,916.58,602.18,6
161,https://www.mdmountainside.com/ces-at-frostburg-state-university-presents-carol-of-the-king-the-irish-dance-christmas-spectacular,886.01,602.18,6
162,https://www.mdmountainside.com/ces-at-frostburg-state-university-presents-catapult-the-amazing-magic-of-shadow-dance,888.08,602.18,6
163,https://www.mdmountainside.com/ces-at-frostburg-state-university-presents-christian-sands-trio,861.97,602.18,6
164,https://www.mdmountainside.com/ces-at-frostburg-state-university-presents-cirque-flip-fabrique-in-blizzard,1141.47,602.18,6
165,https://www.mdmountainside.com/ces-at-frostburg-state-university-presents-cirque-mei-elite-circus-artists-and-acrobats-of-hebei-china,883.35,602.18,6
166,https://www.mdmountainside.com/ces-at-frostburg-state-university-presents-crys-matthews,872.12,602.18,6
167,https://www.mdmountainside.com/ces-at-frostburg-state-university-presents-crys-matthews-workshop-sing-dont-shout-an-alternative-approach,872.48,602.18,6
168,https://www.mdmountainside.com/ces-at-frostburg-state-university-presents-derek-brown-featuring-fsu-jazz-orchestra-and-faculty,940.05,602.18,6
169,https://www.mdmountainside.com/ces-at-frostburg-state-university-presents-ghost-note,1013.0,602.18,6
170,https://www.mdmountainside.com/ces-at-frostburg-state-university-presents-jeff-coffin-and-roy-wooten,988.49,602.18,6
171,https://www.mdmountainside.com/ces-at-frostburg-state-university-presents-kaia-kater-with-anna-and-elizabeth,826.99,602.18,6
172,https://www.mdmountainside.com/ces-at-frostburg-state-university-presents-malamanya,954.48,602.18,6
173,https://www.mdmountainside.com/ces-at-frostburg-state-university-presents-maryland-symphony-orchestra-immortal-mozart-schuberts-fifth-symphony,1027.94,602.18,6
174,https://www.mdmountainside.com/ces-at-frostburg-state-university-presents-maryland-symphony-orchestra-in-the-american-symphony,1030.65,602.18,6
175,https://www.mdmountainside.com/ces-at-frostburg-state-university-presents-ren-marie-and-experiment-in-truth,841.62,602.18,6
176,https://www.mdmountainside.com/ces-at-frostburg-state-university-presents-russian-national-ballet-in-don-quixote,974.35,602.18,6
177,https://www.mdmountainside.com/ces-at-frostburg-state-university-presents-russian-national-ballet-in-giselle,826.8,602.18,6
178,https://www.mdmountainside.com/ces-at-frostburg-state-university-presents-six-appeal,864.77,602.18,6
179,https://www.mdmountainside.com/ces-at-frostburg-state-university-presents-songs-of-ireland-a-celtic-celebration,1281.66,602.18,6
180,https://www.mdmountainside.com/ces-at-frostburg-state-university-presents-stacey-kay,865.73,602.18,6
181,https://www.mdmountainside.com/ces-at-frostburg-state-university-presents-terry-barber-countertenor-in-christmas-presence,807.21,602.18,6
182,https://www.mdmountainside.com/ces-at-frostburg-state-university-presents-the-brubeck-brothers-quartet-celebrates-dave-brubecks-centennial,927.26,602.18,6
183,https://www.mdmountainside.com/ces-at-frostburg-state-university-presents-the-lique,961.45,602.18,6
184,https://www.mdmountainside.com/ces-at-frostburg-state-university-presents-thomas-pandolfi-into-the-night-with-gershwin,810.98,602.18,6
185,https://www.mdmountainside.com/ces-at-frostburg-state-university-presents-veronica-swift,845.45,602.18,6
186,https://www.mdmountainside.com/ces-concert-series-presents-an-evening-with-leann-rimes,894.83,602.18,6
187,https://www.mdmountainside.com/ces-presents-dom-flemons-in-the-appalachian-festival-capstone-concert,878.38,602.18,6
188,https://www.mdmountainside.com/charis-winery-distillery,1635.84,602.18,6
189,https://www.mdmountainside.com/charlies-motel,930.23,602.18,6
190,https://www.mdmountainside.com/chco-revolutionary-war-plaque-reading,840.03,602.18,6
191,https://www.mdmountainside.com/chef-pauls,833.25,602.18,6
192,https://www.mdmountainside.com/chessie-federal-credit-union,922.41,602.18,6
193,https://www.mdmountainside.com/chick-fil-a-at-queen-city-centre,1092.64,602.18,6
194,https://www.mdmountainside.com/chick-fil-a-country-club-mall,1129.76,602.18,6
195,https://www.mdmountainside.com/chick-fil-a-lavale,820.9,602.18,6
196,https://www.mdmountainside.com/chicken-coupe,713.69,602.18,6
197,https://www.mdmountainside.com/childrens-medical-group,778.64,602.18,6
198,https://www.mdmountainside.com/chinese-bandits-and-cruise-in-at-windsor-castle,1762.91,602.18,6
199,https://www.mdmountainside.com/chopsticks-chinese-restaurant,1136.62,602.18,6
200,https://www.mdmountainside.com/christ-lutheran-church,800.35,602.18,6
201,https://www.mdmountainside.com/christ-memorial-baptist-church,771.91,602.18,6
202,https://www.mdmountainside.com/christ-united-methodist-church,808.2,602.18,6
203,https://www.mdmountainside.com/christmas-city-express-morning-excursion,1100.22,602.18,6
204,https://www.mdmountainside.com/church-of-jesus-christ-of-latter-day-saints,754.92,602.18,6
205,https://www.mdmountainside.com/church-of-the-brethren,790.89,602.18,6
206,https://www.mdmountainside.com/churches,822.68,602.18,6
207,https://www.mdmountainside.com/circle-k,805.5,602.18,6
208,https://www.mdmountainside.com/city-lights-american-grill-bar,1413.05,602.18,6
209,https://www.mdmountainside.com/city-of-cumberland-parks-recreation-department,760.63,602.18,6
210,https://www.mdmountainside.com/city-place-farmers-market,3173.6,602.18,6
211,https://www.mdmountainside.com/clarysville-motel,1097.52,602.18,6
212,https://www.mdmountainside.com/clatter-coffee,3831.0,602.18,6
213,https://www.mdmountainside.com/closer,2184.4,602.18,6
214,https://www.mdmountainside.com/closer-matinee,2257.58,602.18,6
215,https://www.mdmountainside.com/co-canal-cargo-boat-replica-tours,975.29,602.18,6
216,https://www.mdmountainside.com/co-canal-national-historical-park-museum,1870.15,602.18,6
217,https://www.mdmountainside.com/co-canal-towpath,2679.66,602.18,6
218,https://www.mdmountainside.com/come-early-stay-late-2019,2870.49,598.65,5
219,https://www.mdmountainside.com/comfort-inn-suites,1960.33,602.18,6
220,https://www.mdmountainside.com/community-model-railroad-club,928.2,602.18,6
221,https://www.mdmountainside.com/coney-christmas,1035.1,602.18,6
222,https://www.mdmountainside.com/constitution-park,1163.84,602.18,6
223,https://www.mdmountainside.com/constitution-park-pool-opens-for-the-season,944.73,602.18,6
224,https://www.mdmountainside.com/contact-us,3063.29,598.65,5
225,https://www.mdmountainside.com/contest-home,4466.33,871.45,5
226,https://www.mdmountainside.com/coops-bunns,863.96,602.18,6
227,https://www.mdmountainside.com/corner-tavern-cafe,1151.07,602.18,6
228,https://www.mdmountainside.com/cornerstone-baptist-church,806.74,602.18,6
229,https://www.mdmountainside.com/country-club-mall,812.65,602.18,6
230,https://www.mdmountainside.com/country-club-mall-cinemas,788.0,602.18,6
231,https://www.mdmountainside.com/country-road-primitives,1763.97,602.18,6
232,https://www.mdmountainside.com/crabby-pig,941.43,602.18,6
233,https://www.mdmountainside.com/cracker-barrel,1027.59,602.18,6
234,https://www.mdmountainside.com/cresaptown-united-methodist-church,759.74,602.18,6
235,https://www.mdmountainside.com/crestmont-ltd,1195.4,602.18,6
236,https://www.mdmountainside.com/cruisin-main-street,907.53,602.18,6
237,https://www.mdmountainside.com/cumberland-choral-society-holiday-concert,742.07,602.18,6
238,https://www.mdmountainside.com/cumberland-choral-society-holiday-concert-2,777.66,602.18,6
239,https://www.mdmountainside.com/cumberland-choral-society-winter-concert,979.62,602.18,6
240,https://www.mdmountainside.com/cumberland-choral-society-winter-concert-2,979.62,602.18,6
241,https://www.mdmountainside.com/cumberland-christmas-tree-lighting-2018,905.92,602.18,6
242,https://www.mdmountainside.com/cumberland-church-of-christ,802.63,602.18,6
243,https://www.mdmountainside.com/cumberland-community-church,795.86,602.18,6
244,https://www.mdmountainside.com/cumberland-country-club,911.65,602.18,6
245,https://www.mdmountainside.com/cumberland-cycles,1000.45,602.18,6
246,https://www.mdmountainside.com/cumberland-dining,1458.74,602.18,6
247,https://www.mdmountainside.com/cumberland-grace-brethren-church,814.24,602.18,6
248,https://www.mdmountainside.com/cumberland-historic-cemetery-organization,849.98,602.18,6
249,https://www.mdmountainside.com/cumberland-inn-spa,1008.16,602.18,6
250,https://www.mdmountainside.com/cumberland-optical,1092.89,602.18,6
251,https://www.mdmountainside.com/cumberland-theatre-creative-arts-center,1848.06,602.18,6
252,https://www.mdmountainside.com/cumberland-trail-connection-,1288.9,602.18,6
253,https://www.mdmountainside.com/cumberland-ymca,806.48,602.18,6
254,https://www.mdmountainside.com/curtis-coney-island-famous-weiners,1008.95,602.18,6
255,https://www.mdmountainside.com/cvs-pharmacy-cumberland,727.56,602.18,6
256,https://www.mdmountainside.com/cvs-pharmacy-lavale,727.06,602.18,6
257,https://www.mdmountainside.com/cycles-things,1009.46,602.18,6
258,https://www.mdmountainside.com/cycling,4148.64,612.19,5
259,https://www.mdmountainside.com/dairy-queen-cumberland,946.21,602.18,6
260,https://www.mdmountainside.com/dairy-queen-lavale,945.92,602.18,6
261,https://www.mdmountainside.com/dan-stevens-and-sweet-dreams-food-truck-at-1812-brewery,801.67,602.18,6
262,https://www.mdmountainside.com/dans-mountain-state-park,1938.57,602.18,6
263,https://www.mdmountainside.com/dantes-bar,962.81,602.18,6
264,https://www.mdmountainside.com/datri-subs,886.88,602.18,6
265,https://www.mdmountainside.com/datris-restaurant,877.31,602.18,6
266,https://www.mdmountainside.com/davincis-pizza,886.1,602.18,6
267,https://www.mdmountainside.com/davis-memorial-united-methodist-church,748.37,602.18,6
268,https://www.mdmountainside.com/dawson-united-methodist-church,753.61,602.18,6
269,https://www.mdmountainside.com/day-of-the-dead-skull-painting-workshop,1264.25,602.18,6
270,https://www.mdmountainside.com/dd-pit-n-go-2,816.55,602.18,6
271,https://www.mdmountainside.com/delfest,2665.7,598.65,5
272,https://www.mdmountainside.com/delfest/resources,801.19,598.65,5
273,https://www.mdmountainside.com/delfest/resources/beer-and-ice,643.02,602.18,6
274,https://www.mdmountainside.com/delfest/resources/gas-stations,639.51,602.18,6
275,https://www.mdmountainside.com/delfest/resources/grocery-stores,727.16,602.18,6
276,https://www.mdmountainside.com/delfest/resources/transportation,945.13,598.65,5
277,https://www.mdmountainside.com/delgrossos-park-laguna-splash-water-park,935.15,602.18,6
278,https://www.mdmountainside.com/dennys--lavale,873.26,602.18,6
279,https://www.mdmountainside.com/deomonts-muffler-brake,792.58,602.18,6
280,https://www.mdmountainside.com/dig-deep-brewing-co,996.4,602.18,6
281,https://www.mdmountainside.com/diplomat-motel,793.93,602.18,6
282,https://www.mdmountainside.com/dirty-mae-live-on-the-mccoury-family-stage,873.55,602.18,6
283,https://www.mdmountainside.com/discover-downtown-cumberland-blues,880.59,602.18,6
284,https://www.mdmountainside.com/discover-downtown-cumberland-with-grand-ole-ditch,903.14,602.18,6
285,https://www.mdmountainside.com/divine-reflections,762.68,602.18,6
286,https://www.mdmountainside.com/dollar-dip-at-dans-mountain-pool,778.15,602.18,6
287,https://www.mdmountainside.com/dominos-pizza-cumberland,823.8,602.18,6
288,https://www.mdmountainside.com/dominos-pizza-frostburg,837.27,602.18,6
289,https://www.mdmountainside.com/downtown-cumberland-farmers-market,1072.98,602.18,6
290,https://www.mdmountainside.com/downtown-cumberland-merchants-holiday-party-with-ursula-ricks,892.87,602.18,6
291,https://www.mdmountainside.com/downtown-cumberlands-shop-small-saturday,942.46,602.18,6
292,https://www.mdmountainside.com/dracula,1055.68,602.18,6
293,https://www.mdmountainside.com/dragons-on-the-lake,951.34,602.18,6
294,https://www.mdmountainside.com/dragons-on-the-lake-2019,956.26,602.18,6
295,https://www.mdmountainside.com/drive-in-fly-in-august-2019,901.28,602.18,6
296,https://www.mdmountainside.com/drive-in-fly-in-sepetmber-2019,901.6,602.18,6
297,https://www.mdmountainside.com/dubs-at-the-gap,962.62,602.18,6
298,https://www.mdmountainside.com/dubs-at-the-gap-2019,966.44,602.18,6
299,https://www.mdmountainside.com/dubs-at-the-gap-cruise-bbq-at-1812-brewery,807.11,602.18,6
300,https://www.mdmountainside.com/dunhams-sports,744.04,602.18,6
301,https://www.mdmountainside.com/early-rise-flies,839.45,602.18,6
302,https://www.mdmountainside.com/eastern-express,1150.27,602.18,6
303,https://www.mdmountainside.com/eat-and-drink,7098.83,598.65,5
304,https://www.mdmountainside.com/eckhart-baptist-church,956.97,602.18,6
305,https://www.mdmountainside.com/education,1075.47,602.18,6
306,https://www.mdmountainside.com/ehc-camp-grow-cook-it,901.13,602.18,6
307,https://www.mdmountainside.com/ehc-camp-science-discovery,1023.12,602.18,6
308,https://www.mdmountainside.com/ehc-camp-young-naturalists,874.11,602.18,6
309,https://www.mdmountainside.com/el-canelo-restaurant--frostburg,960.97,602.18,6
310,https://www.mdmountainside.com/el-jinete-restaurant,941.56,602.18,6
311,https://www.mdmountainside.com/elements-wellness-spa,790.7,602.18,6
312,https://www.mdmountainside.com/elks-derby-day,988.85,602.18,6
313,https://www.mdmountainside.com/ellies-deli,1231.47,602.18,6
314,https://www.mdmountainside.com/embassy-theatre,870.81,602.18,6
315,https://www.mdmountainside.com/emmanuel-episcopal-church,1079.94,602.18,6
316,https://www.mdmountainside.com/emmanuel-episcopal-church-tunnel-tours,1079.09,602.18,6
317,https://www.mdmountainside.com/enterprise-rent-a-car,900.78,602.18,6
318,https://www.mdmountainside.com/escape-fake-news,863.13,602.18,6
319,https://www.mdmountainside.com/et-at-the-palace-theatre,859.44,602.18,6
320,https://www.mdmountainside.com/european-desserts-and-more,1136.86,602.18,6
321,https://www.mdmountainside.com/evening-flyer,1198.5,602.18,6
322,https://www.mdmountainside.com/event-calendar,1918.5,602.18,6
323,https://www.mdmountainside.com/event-submission-confirmation,754.09,598.65,5
324,https://www.mdmountainside.com/evergreen-heritage-center,1441.81,602.18,6
325,https://www.mdmountainside.com/ex2-adventure-race,805.76,602.18,6
326,https://www.mdmountainside.com/exit-strategy-escape-room,826.91,602.18,6
327,https://www.mdmountainside.com/f-brooke-whiting-house-collection,1211.33,602.18,6
328,https://www.mdmountainside.com/facebook-giveaway-national-cheeseburger-day,564.01,598.65,5
329,https://www.mdmountainside.com/fairfield-inn-and-suites,3232.12,602.18,6
330,https://www.mdmountainside.com/fairgrounds-boat-access,1153.8,602.18,6
331,https://www.mdmountainside.com/faith-presbyterian-church-in-america-pca,1022.45,602.18,6
332,https://www.mdmountainside.com/fall-arts,1651.43,598.65,5
333,https://www.mdmountainside.com/fall-cemetery-tour,848.83,602.18,6
334,https://www.mdmountainside.com/fall-for-downtown-festival-cumberland-md,2834.37,602.18,6
335,https://www.mdmountainside.com/fall-frostburg-flyer,1098.56,602.18,6
336,https://www.mdmountainside.com/fall-in-love-with-the-arts-2018,625.03,598.65,5
337,https://www.mdmountainside.com/family-fun,2166.36,602.18,6
338,https://www.mdmountainside.com/family-pizza-train,924.97,602.18,6
339,https://www.mdmountainside.com/farmers-markets,1816.37,602.18,6
340,https://www.mdmountainside.com/farms,1531.12,602.18,6
341,https://www.mdmountainside.com/fat-pig,829.55,602.18,6
342,https://www.mdmountainside.com/fatboys-pizza-shack,984.68,602.18,6
343,https://www.mdmountainside.com/favorites,346.11,598.65,5
344,https://www.mdmountainside.com/femina-in-toto-a-compilation-of-design-by-women,830.74,602.18,6
345,https://www.mdmountainside.com/fifteen-mile-creek-boat-access,903.12,602.18,6
346,https://www.mdmountainside.com/first-annual-mountain-maryland-trail-fest,852.83,602.18,6
347,https://www.mdmountainside.com/first-assembly-of-god-church,885.01,602.18,6
348,https://www.mdmountainside.com/first-assembly-of-god2,792.44,602.18,6
349,https://www.mdmountainside.com/first-church-of-the-nazarene,868.14,602.18,6
350,https://www.mdmountainside.com/first-congregational-church-of-frostburg,804.35,602.18,6
351,https://www.mdmountainside.com/first-english-baptist-church,804.62,602.18,6
352,https://www.mdmountainside.com/first-friday-art-club-fall-haiku-writing,2134.72,602.18,6
353,https://www.mdmountainside.com/first-friday-art-club-family-comedy-night,1276.88,602.18,6
354,https://www.mdmountainside.com/first-friday-art-club-thankfulness-art-and-potluck,2651.09,602.18,6
355,https://www.mdmountainside.com/first-friday-art-club-ugly-sweater-party,1106.57,602.18,6
356,https://www.mdmountainside.com/first-peoples-community-federal-credit-union,1218.05,602.18,6
357,https://www.mdmountainside.com/first-peoples-community-federal-credit-union-cresaptown,1207.31,602.18,6
358,https://www.mdmountainside.com/first-peoples-community-federal-credit-union-frostburg,1200.08,602.18,6
359,https://www.mdmountainside.com/first-peoples-community-federal-credit-union-industrial-blvd,1201.24,602.18,6
360,https://www.mdmountainside.com/first-peoples-community-federal-credit-union-lavale,1195.31,602.18,6
361,https://www.mdmountainside.com/first-peoples-community-federal-credit-union-lonaconing,1193.24,602.18,6
362,https://www.mdmountainside.com/first-peoples-community-federal-credit-union-queen-city-drive,1246.6,602.18,6
363,https://www.mdmountainside.com/first-presbyterian-church,922.62,602.18,6
364,https://www.mdmountainside.com/first-presbyterian-church-of-frostburg,969.12,602.18,6
365,https://www.mdmountainside.com/first-united-bank-trust,821.09,602.18,6
366,https://www.mdmountainside.com/fish-and-hunt,1316.98,602.18,6
367,https://www.mdmountainside.com/fishers-body-shop,788.1,602.18,6
368,https://www.mdmountainside.com/flintstone-mennonite-church,786.07,602.18,6
369,https://www.mdmountainside.com/flowerland,888.77,602.18,6
370,https://www.mdmountainside.com/for-media,989.12,598.65,5
371,https://www.mdmountainside.com/fore-sisters-golf-course,1454.55,602.18,6
372,https://www.mdmountainside.com/fort-cumberland-emporium,1277.34,602.18,6
373,https://www.mdmountainside.com/four-t-herb-shoppe,806.3,602.18,6
374,https://www.mdmountainside.com/fourth-friday-tea-series,876.31,602.18,6
375,https://www.mdmountainside.com/fourth-friday-tea-series2,876.32,602.18,6
376,https://www.mdmountainside.com/fourth-friday-tea-series23,876.33,602.18,6
377,https://www.mdmountainside.com/fourth-friday-tea-series234,876.33,602.18,6
378,https://www.mdmountainside.com/foxs-pizza-den-of-frostburg,1013.67,602.18,6
379,https://www.mdmountainside.com/fratelli-italian-cuisine-bar,854.3,602.18,6
380,https://www.mdmountainside.com/friday-after-black-friday,845.31,602.18,6
381,https://www.mdmountainside.com/friendship-haven-church,858.07,602.18,6
382,https://www.mdmountainside.com/frostburg-assembly-of-god-church,1111.44,602.18,6
383,https://www.mdmountainside.com/frostburg-candlelight-tour-2018,749.38,602.18,6
384,https://www.mdmountainside.com/frostburg-farmers-market,1013.2,602.18,6
385,https://www.mdmountainside.com/frostburg-fiber-depot,1022.33,602.18,6
386,https://www.mdmountainside.com/frostburg-flyer,1098.47,602.18,6
387,https://www.mdmountainside.com/frostburg-flyer2,1098.48,602.18,6
388,https://www.mdmountainside.com/frostburg-flyer23,1098.52,602.18,6
389,https://www.mdmountainside.com/frostburg-freeze,2010.73,602.18,6
390,https://www.mdmountainside.com/frostburg-halloween-parade,839.63,602.18,6
391,https://www.mdmountainside.com/frostburg-inn,828.65,602.18,6
392,https://www.mdmountainside.com/frostburg-medical-center,817.96,602.18,6
393,https://www.mdmountainside.com/frostburg-museum,1981.92,602.18,6
394,https://www.mdmountainside.com/frostburg-palace-theatre-jazz-series-presents-paul-bollenback-and-power-3,833.2,602.18,6
395,https://www.mdmountainside.com/frostburg-state-hosting-evening-with-bestselling-author-peter-stark,1149.5,602.18,6
396,https://www.mdmountainside.com/frostburg-state-university,3878.15,602.18,6
397,https://www.mdmountainside.com/frostburg-state-university-appalachian-festival,815.78,602.18,6
398,https://www.mdmountainside.com/frostburg-tree-lighting-ceremony,1095.29,602.18,6
399,https://www.mdmountainside.com/frostburg-united-methodist-church,799.0,602.18,6
400,https://www.mdmountainside.com/frostburg-vision-center,997.92,602.18,6
401,https://www.mdmountainside.com/frostburg-wines-train-featuring-toasted-goat-winery,924.85,602.18,6
402,https://www.mdmountainside.com/frostburg-winter-market,928.95,602.18,6
403,https://www.mdmountainside.com/frostburgfirst-a-maryland-main-street-community,875.88,602.18,6
404,https://www.mdmountainside.com/frostoberfest-2018,859.65,602.18,6
405,https://www.mdmountainside.com/fruit-bowl2,1318.65,602.18,6
406,https://www.mdmountainside.com/fsu-bookstore,795.08,602.18,6
407,https://www.mdmountainside.com/fsu-center-for-literary-arts,917.65,602.18,6
408,https://www.mdmountainside.com/fsu-lane-center,959.45,602.18,6
409,https://www.mdmountainside.com/fsu-planetarium-,904.95,602.18,6
410,https://www.mdmountainside.com/fsu-stephanie-ann-roper-gallery,850.28,602.18,6
411,https://www.mdmountainside.com/funky-repurps-and-more,1298.45,602.18,6
412,https://www.mdmountainside.com/gabriel-brothers-gabes,823.53,602.18,6
413,https://www.mdmountainside.com/gas-stations,663.36,602.18,6
414,https://www.mdmountainside.com/gellar-drapkin-and-jazz-at-toasted-goat-winery,937.26,602.18,6
415,https://www.mdmountainside.com/general-art-store-star-gallery,1086.39,602.18,6
416,https://www.mdmountainside.com/genes-famliy-restaurant,805.75,602.18,6
417,https://www.mdmountainside.com/george-washingtons-headquarters,1184.94,602.18,6
418,https://www.mdmountainside.com/georges-creek-pharmacy,790.1,602.18,6
419,https://www.mdmountainside.com/get-out-play-outfitters,1451.63,602.18,6
420,https://www.mdmountainside.com/getting-around,1089.65,598.65,5
421,https://www.mdmountainside.com/gg-tire,793.16,602.18,6
422,https://www.mdmountainside.com/ghost-tour-of-historic-cumberland,940.02,602.18,6
423,https://www.mdmountainside.com/ghouley-pub-crawl,842.47,602.18,6
424,https://www.mdmountainside.com/giannis-pizza-wings-cumberland,969.73,602.18,6
425,https://www.mdmountainside.com/giannis-pizza-wings-frostburg,940.36,602.18,6
426,https://www.mdmountainside.com/gilchrist-gardens-gala,1171.83,602.18,6
427,https://www.mdmountainside.com/gilchrist-museum-exhibition-obrien-and-carter,926.5,602.18,6
428,https://www.mdmountainside.com/gingers-asian-kitchen,859.33,602.18,6
429,https://www.mdmountainside.com/giuseppes,1700.66,602.18,6
430,https://www.mdmountainside.com/global-truck-outfitters,804.6,602.18,6
431,https://www.mdmountainside.com/gods-ark-of-safety-church,789.34,602.18,6
432,https://www.mdmountainside.com/golf,1546.48,602.18,6
433,https://www.mdmountainside.com/gonzaga-health-center,885.5,602.18,6
434,https://www.mdmountainside.com/good-carma-catering,1242.04,602.18,6
435,https://www.mdmountainside.com/goodwill-store--lavale,754.49,602.18,6
436,https://www.mdmountainside.com/gostomskis-gunsmith-service,794.09,602.18,6
437,https://www.mdmountainside.com/grace-baptist-church,1648.1,602.18,6
438,https://www.mdmountainside.com/grace-memorial-community-church,959.69,602.18,6
439,https://www.mdmountainside.com/grand-china-buffet,1124.31,602.18,6
440,https://www.mdmountainside.com/great-allegheny-passage,3155.43,602.18,6
441,https://www.mdmountainside.com/great-allegheny-passage-relay,931.02,602.18,6
442,https://www.mdmountainside.com/green-ridge-state-forest,1616.7,602.18,6
443,https://www.mdmountainside.com/greene-street-service-center,847.88,602.18,6
444,https://www.mdmountainside.com/grocery-and-convenience-stores,765.49,602.18,6
445,https://www.mdmountainside.com/halloween-at-evergreen-barn-dance,893.96,602.18,6
446,https://www.mdmountainside.com/halloween-spooktacular-in-downtown-cumberland,1449.61,602.18,6
447,https://www.mdmountainside.com/hampton-inn-cumberland,2358.38,602.18,6
448,https://www.mdmountainside.com/hampton-inn-frostburg,1591.99,602.18,6
449,https://www.mdmountainside.com/handmade-holiday-fair-2018,813.29,602.18,6
450,https://www.mdmountainside.com/harrigans-restaurant-and-lounge,1021.86,602.18,6
451,https://www.mdmountainside.com/harry-trayhnam-and-alhambra-at-1812-brewery,776.42,602.18,6
452,https://www.mdmountainside.com/hartleys-pizza,799.64,602.18,6
453,https://www.mdmountainside.com/harveys-florist-greenhouses-inc,1036.94,602.18,6
454,https://www.mdmountainside.com/hast-farm-event-venue,1179.47,602.18,6
455,https://www.mdmountainside.com/health-matters-urgent-care,756.94,602.18,6
456,https://www.mdmountainside.com/healthy-parks-healthy-people-wellness-fair,1045.52,602.18,6
457,https://www.mdmountainside.com/hennys-grill-bar,1814.4,602.18,6
458,https://www.mdmountainside.com/hertz-rent-a-car,792.48,602.18,6
459,https://www.mdmountainside.com/highland-baptist-church,817.87,602.18,6
460,https://www.mdmountainside.com/highland-harley-davidson-shop,803.65,602.18,6
461,https://www.mdmountainside.com/highlands-american-music-series-presents-the-becky-buller-band,773.95,602.18,6
462,https://www.mdmountainside.com/hillside-animal-hospital,925.11,602.18,6
463,https://www.mdmountainside.com/historic-city-center,1101.0,602.18,6
464,https://www.mdmountainside.com/history-and-heritage,2063.38,602.18,6
465,https://www.mdmountainside.com/hobbies-plus,911.59,602.18,6
466,https://www.mdmountainside.com/holiday-inn-express-and-suites-lavale,1282.31,602.18,6
467,https://www.mdmountainside.com/holiday-open-house,3658.28,602.18,6
468,https://www.mdmountainside.com/holidays-2018,3081.95,598.65,5
469,https://www.mdmountainside.com/holideal,3286.25,598.65,5
470,https://www.mdmountainside.com/hoppy-hour-at-1812-brewery,887.23,602.18,6
471,https://www.mdmountainside.com/hospitals-and-health-care,884.17,602.18,6
472,https://www.mdmountainside.com/hotel-gunter,941.51,602.18,6
473,https://www.mdmountainside.com/hotels-and-motels,1446.29,602.18,6
474,https://www.mdmountainside.com/hummingbird-cafe,821.06,602.18,6
475,https://www.mdmountainside.com/hurry-back-tavern-,808.71,602.18,6
476,https://www.mdmountainside.com/hush-skin-care-mountain-massage-wellness-spa,835.85,602.18,6
477,https://www.mdmountainside.com/independent-ink,828.94,602.18,6
478,https://www.mdmountainside.com/indie-lit-festival-2018,888.38,602.18,6
479,https://www.mdmountainside.com/inn-on-decatur,986.46,602.18,6
480,https://www.mdmountainside.com/inquiry,1146.12,598.65,5
481,https://www.mdmountainside.com/integration-studios,828.42,602.18,6
482,https://www.mdmountainside.com/iron-rail-days,1549.8,602.18,6
483,https://www.mdmountainside.com/j-bartles-jewelry,829.2,602.18,6
484,https://www.mdmountainside.com/j-j-bait-llc,909.47,602.18,6
485,https://www.mdmountainside.com/j-rs-custom-screenprint-embroidery,827.66,602.18,6
486,https://www.mdmountainside.com/jacob-blank-on-the-keyboard-chef-pauls-kitchen-at-1812-brewery,838.17,602.18,6
487,https://www.mdmountainside.com/janice-ray-and-roc-plus-sob-bbq-at-1812-brewery,856.8,602.18,6
488,https://www.mdmountainside.com/jb-farms,951.79,602.18,6
489,https://www.mdmountainside.com/jenkins-collision-center,799.05,602.18,6
490,https://www.mdmountainside.com/jins-asian-cuisine,3451.38,602.18,6
491,https://www.mdmountainside.com/jjs-sons,1566.02,602.18,6
492,https://www.mdmountainside.com/jl-truck-repair-tire-service-inc,784.42,602.18,6
493,https://www.mdmountainside.com/jo-ann-fabrics-and-craft-store,758.88,602.18,6
494,https://www.mdmountainside.com/joes-viaduct-restaurant,873.48,602.18,6
495,https://www.mdmountainside.com/johnstons-garage,805.14,602.18,6
496,https://www.mdmountainside.com/jolly-roger-discount-liquors,789.08,602.18,6
497,https://www.mdmountainside.com/junie-b-in-jingle-bells-batman-smells,1011.85,602.18,6
498,https://www.mdmountainside.com/k-bar-and-lunch,798.1,602.18,6
499,https://www.mdmountainside.com/karaoke,829.5,602.18,6
500,https://www.mdmountainside.com/karaoke-with-mary-sheetz,828.68,602.18,6
501,https://www.mdmountainside.com/kebbies-diaper-bag,1061.06,602.18,6
502,https://www.mdmountainside.com/kegs-and-eggs-at-1812-brewery,781.58,602.18,6
503,https://www.mdmountainside.com/kegs-and-eggs-brunch,1071.92,602.18,6
504,https://www.mdmountainside.com/kegs-and-eggs-brunch-and-dinner-at-1812-brewery,1072.95,602.18,6
505,https://www.mdmountainside.com/kensington-assisted-living,781.65,602.18,6
506,https://www.mdmountainside.com/kentucky-fried-chicken-cumberland,946.06,602.18,6
507,https://www.mdmountainside.com/kentucky-fried-chicken-lavale,945.84,602.18,6
508,https://www.mdmountainside.com/kerr-brothers-guns,866.69,602.18,6
509,https://www.mdmountainside.com/kids-kingdom,789.43,602.18,6
510,https://www.mdmountainside.com/kids-saturday,908.07,602.18,6
511,https://www.mdmountainside.com/kingdom-hall-of-jehovahs-witnesses,788.87,602.18,6
512,https://www.mdmountainside.com/klines-restaurant,988.82,602.18,6
513,https://www.mdmountainside.com/knieriem-tires,790.01,602.18,6
514,https://www.mdmountainside.com/kohls,749.19,602.18,6
515,https://www.mdmountainside.com/langleys-auto-service,803.63,602.18,6
516,https://www.mdmountainside.com/larry-keel-experience,845.75,602.18,6
517,https://www.mdmountainside.com/lashbaughs-bar-and-grill,851.92,602.18,6
518,https://www.mdmountainside.com/lavale-baptist-church-sbc,809.21,602.18,6
519,https://www.mdmountainside.com/lavale-farmers-market,914.0,602.18,6
520,https://www.mdmountainside.com/lavale-united-methodist-church,1012.11,602.18,6
521,https://www.mdmountainside.com/lavale-veterinary-hospital,927.08,602.18,6
522,https://www.mdmountainside.com/leaning-pine-farm,1069.16,602.18,6
523,https://www.mdmountainside.com/lefty-grove-memorial-park,1166.15,602.18,6
524,https://www.mdmountainside.com/lennox-east,882.49,602.18,6
525,https://www.mdmountainside.com/lennys-leathers,1014.35,602.18,6
526,https://www.mdmountainside.com/lew-lew-belle-boutique,913.31,602.18,6
527,https://www.mdmountainside.com/lgs-pizzeria-and-pub,920.14,602.18,6
528,https://www.mdmountainside.com/liberty-wine-and-liquor,796.17,602.18,6
529,https://www.mdmountainside.com/lifetime-eyecare-center,856.28,602.18,6
530,https://www.mdmountainside.com/lighthouse-christian-academy-and-daycare,786.08,602.18,6
531,https://www.mdmountainside.com/lighthouse-of-hope-church,800.08,602.18,6
532,https://www.mdmountainside.com/lights-by-the-lake-2018,1250.47,602.18,6
533,https://www.mdmountainside.com/lil-corner-market,897.33,602.18,6
534,https://www.mdmountainside.com/lindys-restaurant,781.26,602.18,6
535,https://www.mdmountainside.com/little-caesars-pizza,809.62,602.18,6
536,https://www.mdmountainside.com/little-orleans-campground-park-area,2861.46,602.18,6
537,https://www.mdmountainside.com/little-orleans-lodge,874.1,602.18,6
538,https://www.mdmountainside.com/living-stone-church-of-the-brethren,842.97,602.18,6
539,https://www.mdmountainside.com/living-waters-ministries,851.34,602.18,6
540,https://www.mdmountainside.com/livvys-soft-serve,814.17,602.18,6
541,https://www.mdmountainside.com/local-craftsflea-market-and-soups-and-suds-for-a-clause,1391.44,602.18,6
542,https://www.mdmountainside.com/local-farmerscraftflea-market-plus-brunch-with-santa-at-1812-brewery,1459.11,602.18,6
543,https://www.mdmountainside.com/lonaconing-iron-furnace-and-park-,1191.07,602.18,6
544,https://www.mdmountainside.com/long-john-silver,820.34,602.18,6
545,https://www.mdmountainside.com/lorenzos-frostburg-bakery,1223.13,602.18,6
546,https://www.mdmountainside.com/loyola-university-maryland-retreat-center,1350.84,602.18,6
547,https://www.mdmountainside.com/luckys-liquor-store,828.47,602.18,6
548,https://www.mdmountainside.com/m-and-m-bake-shop,816.26,602.18,6
549,https://www.mdmountainside.com/macdonalds-body-shop,787.78,602.18,6
550,https://www.mdmountainside.com/maddcatt-vapors,903.27,602.18,6
551,https://www.mdmountainside.com/madison-paige-boutique,891.97,602.18,6
552,https://www.mdmountainside.com/main-street-books,1577.51,602.18,6
553,https://www.mdmountainside.com/main-street-pub,831.23,602.18,6
554,https://www.mdmountainside.com/making-smart-choices-about-health-insurance,857.39,602.18,6
555,https://www.mdmountainside.com/making-strides-against-breast-cancer-of-western-maryland,1062.38,602.18,6
556,https://www.mdmountainside.com/mamma-mia,944.3,602.18,6
557,https://www.mdmountainside.com/mamma-mia-matinee,944.41,602.18,6
558,https://www.mdmountainside.com/manhattan-centre-golf-gallery,1194.96,602.18,6
559,https://www.mdmountainside.com/maranantha-christian-fellowship,843.74,602.18,6
560,https://www.mdmountainside.com/marios-italian-eatery,1042.83,602.18,6
561,https://www.mdmountainside.com/marketing-and-tourism-summit,926.93,602.18,6
562,https://www.mdmountainside.com/martins-food-market,796.3,602.18,6
563,https://www.mdmountainside.com/martins-food-market-lavale,756.77,602.18,6
564,https://www.mdmountainside.com/maryland-discount-beverage-center,792.17,602.18,6
565,https://www.mdmountainside.com/marylandwest-virginia-model-railroad-exhibit,931.42,602.18,6
566,https://www.mdmountainside.com/mason-complex-boat-access,2732.92,602.18,6
567,https://www.mdmountainside.com/master-gardener-class,863.04,602.18,6
568,https://www.mdmountainside.com/mccoole-boat-access,919.76,602.18,6
569,https://www.mdmountainside.com/mcdonalds-1,774.51,602.18,6
570,https://www.mdmountainside.com/mcdonalds-2,754.95,602.18,6
571,https://www.mdmountainside.com/mcdonalds-3,756.97,602.18,6
572,https://www.mdmountainside.com/mcdonalds-4,793.79,602.18,6
573,https://www.mdmountainside.com/mcdonalds-5,766.78,602.18,6
574,https://www.mdmountainside.com/mcdonalds-6,758.02,602.18,6
575,https://www.mdmountainside.com/mcdonalds-7,765.05,602.18,6
576,https://www.mdmountainside.com/mcdonalds-8,763.97,602.18,6
577,https://www.mdmountainside.com/mcfarland-candies,858.63,602.18,6
578,https://www.mdmountainside.com/mcta-presents-traditional-irish-musician-dylan-foley,833.88,602.18,6
579,https://www.mdmountainside.com/md-mountain-weddings,760.03,602.18,6
580,https://www.mdmountainside.com/meeting-planners,2461.31,598.65,5
581,https://www.mdmountainside.com/meg-romero-studio,816.08,602.18,6
582,https://www.mdmountainside.com/megan-bradley-5k-memorial-run-for-casa-of-allegany-county,794.49,602.18,6
583,https://www.mdmountainside.com/memorial-heights-baptist-church,808.87,602.18,6
584,https://www.mdmountainside.com/meteor-shower-a-play-by-steve-martin,1016.04,602.18,6
585,https://www.mdmountainside.com/metropolitan-ame-church,927.8,602.18,6
586,https://www.mdmountainside.com/mexico-farms-equestrian-center,786.05,602.18,6
587,https://www.mdmountainside.com/mezzos,2529.13,602.18,6
588,https://www.mdmountainside.com/midlife-crisis-on-stage-at-1812-brewery,869.59,602.18,6
589,https://www.mdmountainside.com/milestone-cube-company,1037.31,602.18,6
590,https://www.mdmountainside.com/millstone-country-store,793.09,602.18,6
591,https://www.mdmountainside.com/minecraft-gaming,949.58,602.18,6
592,https://www.mdmountainside.com/miracle-on-34th-street-the-musical,924.7,602.18,6
593,https://www.mdmountainside.com/misty-blue-fashions,828.03,602.18,6
594,https://www.mdmountainside.com/mixx-112-boutique,822.68,602.18,6
595,https://www.mdmountainside.com/monument-unveiling-of-world-war-1-veteran-lest-umstot,761.3,602.18,6
596,https://www.mdmountainside.com/moonlight-madness-in-downtown-cumberland,954.56,602.18,6
597,https://www.mdmountainside.com/mortons-jewelry,815.17,602.18,6
598,https://www.mdmountainside.com/motel-6--lavale,788.91,602.18,6
599,https://www.mdmountainside.com/mount-savage-historical-society,776.05,602.18,6
600,https://www.mdmountainside.com/mountain-city-coffeehouse-creamery,1061.18,602.18,6
601,https://www.mdmountainside.com/mountain-city-traditional-arts,1228.74,602.18,6
602,https://www.mdmountainside.com/mountain-ducks-guide-service,1006.68,602.18,6
603,https://www.mdmountainside.com/mountain-maryland-2018-photo-contest,2007.42,598.65,5
604,https://www.mdmountainside.com/mountain-maryland-artist-studio-tours,1204.36,602.18,6
605,https://www.mdmountainside.com/mountain-maryland-photo-contest,4340.9,598.65,5
606,https://www.mdmountainside.com/mountain-maryland-photo-contest-2019,2445.39,598.65,5
607,https://www.mdmountainside.com/mountain-maryland-trails,1048.39,602.18,6
608,https://www.mdmountainside.com/mountain-maryland-trails-presents-3m-challenge-bike-race,1042.3,602.18,6
609,https://www.mdmountainside.com/mountain-moonshine-train,1098.93,602.18,6
610,https://www.mdmountainside.com/mountaineer-country-tours,763.33,602.18,6
611,https://www.mdmountainside.com/mountainmarylanddeluxe,666.09,598.65,5
612,https://www.mdmountainside.com/mountainshine-creative-llc,1026.82,602.18,6
613,https://www.mdmountainside.com/mountainside-baroque-off-the-beaten-path,950.91,602.18,6
614,https://www.mdmountainside.com/mountainside-bike-tours,1028.05,602.18,6
615,https://www.mdmountainside.com/movie-screening,842.11,602.18,6
616,https://www.mdmountainside.com/mr-tire-auto-service-center,804.32,602.18,6
617,https://www.mdmountainside.com/mr-toads-pottery,877.36,602.18,6
618,https://www.mdmountainside.com/mt-bank,754.79,602.18,6
619,https://www.mdmountainside.com/mt-bank-frostburg-2,759.45,602.18,6
620,https://www.mdmountainside.com/mt-bank-lavale,749.27,602.18,6
621,https://www.mdmountainside.com/mt-bank-south-cumberland,779.78,602.18,6
622,https://www.mdmountainside.com/mt-bank-westernport,761.21,602.18,6
623,https://www.mdmountainside.com/murder-mystery,944.95,602.18,6
624,https://www.mdmountainside.com/murder-mystery-bullets-and-bbq,790.84,602.18,6
625,https://www.mdmountainside.com/murder-mystery2,944.95,602.18,6
626,https://www.mdmountainside.com/murder-mystery23,944.96,602.18,6
627,https://www.mdmountainside.com/murder-mystery234,944.96,602.18,6
628,https://www.mdmountainside.com/murder-mystery2345,944.98,602.18,6
629,https://www.mdmountainside.com/murder-mystery23456,944.98,602.18,6
630,https://www.mdmountainside.com/murder-mystery234567,944.99,602.18,6
631,https://www.mdmountainside.com/murder-mystery2345678,945.0,602.18,6
632,https://www.mdmountainside.com/murder-mystery23456789,945.0,602.18,6
633,https://www.mdmountainside.com/music-by-fred-n-josh-food-by-good-carma-catering-at-1812,874.13,602.18,6
634,https://www.mdmountainside.com/music-by-jacob-blank-at-toasted-goat,917.24,602.18,6
635,https://www.mdmountainside.com/musician-chris-workman-at-1812-brewery,750.14,602.18,6
636,https://www.mdmountainside.com/musician-dan-stevens-plus-good-carma-catering-at-1812,794.35,602.18,6
637,https://www.mdmountainside.com/musician-greg-kerr-and-klavuhns-family-concessions-at-1812,813.33,602.18,6
638,https://www.mdmountainside.com/musician-jacob-blank-and-good-carma-catering-at-1812,804.26,602.18,6
639,https://www.mdmountainside.com/musician-shelby-herbert-and-chef-pauls-kitchen-at-1812-brewery,815.89,602.18,6
640,https://www.mdmountainside.com/national-night-out,861.51,602.18,6
641,https://www.mdmountainside.com/national-night-out-cumberland,826.74,602.18,6
642,https://www.mdmountainside.com/national-night-out-kick-off-event,890.53,602.18,6
643,https://www.mdmountainside.com/national-road-monument,1088.38,602.18,6
644,https://www.mdmountainside.com/national-road-toll-house,984.13,602.18,6
645,https://www.mdmountainside.com/native-american-heritage-month-with-caitlin-hudgins,808.6,602.18,6
646,https://www.mdmountainside.com/natures-art,1823.6,602.18,6
647,https://www.mdmountainside.com/naylors-ace-hardware,817.45,602.18,6
648,https://www.mdmountainside.com/never-forgotten,776.42,602.18,6
649,https://www.mdmountainside.com/new-life-tabernacle,807.65,602.18,6
650,https://www.mdmountainside.com/new-years-eve-2019,2378.25,598.65,5
651,https://www.mdmountainside.com/new-years-eve-celebration-at-toasted-goat-winery,1231.61,602.18,6
652,https://www.mdmountainside.com/new-years-eve-in-downtown-cumberland,833.74,602.18,6
653,https://www.mdmountainside.com/new-years-eve-murder-mystery-train,917.72,602.18,6
654,https://www.mdmountainside.com/news,2017.36,598.65,5
655,https://www.mdmountainside.com/news-mountain-maryland-marketing-and-tourism-summit-launches-in-allegany-county-maryland,607.46,598.65,5
656,https://www.mdmountainside.com/news/2018-destination-guide,645.61,598.65,5
657,https://www.mdmountainside.com/news/allegany-county-tourism-announces-winners-for-2018-mountain-maryland-photo-contest,1680.46,598.65,5
658,https://www.mdmountainside.com/news/best-of-awards,574.59,598.65,5
659,https://www.mdmountainside.com/news/blue-ridge-outdoors-best-of-awards-2019,928.5,598.65,5
660,https://www.mdmountainside.com/news/cumberland-maryland-selected-as-one-of-travel-channels-50-most-charming-small-towns-in-america,627.76,598.65,5
661,https://www.mdmountainside.com/news/cumberland-md-selected-as-top-adventure-town,532.85,598.65,5
662,https://www.mdmountainside.com/news/enterprise-rent-a-car-films-in-cumberland-md,926.57,598.65,5
663,https://www.mdmountainside.com/newsletter-signup,389.41,598.65,5
664,https://www.mdmountainside.com/night-of-the-living-dead,856.72,602.18,6
665,https://www.mdmountainside.com/night-of-the-living-dead-matinee,856.82,602.18,6
666,https://www.mdmountainside.com/niners-canal-pub,1002.65,602.18,6
667,https://www.mdmountainside.com/noises-off,847.75,602.18,6
668,https://www.mdmountainside.com/noises-off-matinee,847.84,602.18,6
669,https://www.mdmountainside.com/november-book-club-meeting,1041.91,602.18,6
670,https://www.mdmountainside.com/nye-murder-mystery-train,945.66,602.18,6
671,https://www.mdmountainside.com/oak-barrel-cafe2,932.07,602.18,6
672,https://www.mdmountainside.com/oak-barrel-citgo,792.91,602.18,6
673,https://www.mdmountainside.com/october-book-group,846.12,602.18,6
674,https://www.mdmountainside.com/oldtown-bethel-assembly-of-god,971.69,602.18,6
675,https://www.mdmountainside.com/ollies-bargain-outlet,843.96,602.18,6
676,https://www.mdmountainside.com/one-act-play-festival-2018,762.36,602.18,6
677,https://www.mdmountainside.com/one-stop-liquors,788.39,602.18,6
678,https://www.mdmountainside.com/oscars-restaurant,1389.53,602.18,6
679,https://www.mdmountainside.com/our-farmers-markets,1308.22,602.18,6
680,https://www.mdmountainside.com/outdoors,2503.35,598.65,5
681,https://www.mdmountainside.com/outfitters,1574.74,602.18,6
682,https://www.mdmountainside.com/papa-johns,939.87,602.18,6
683,https://www.mdmountainside.com/parks-and-forests,1601.46,598.65,5
684,https://www.mdmountainside.com/parkview-liquor-store,884.87,602.18,6
685,https://www.mdmountainside.com/parris-n-glendening-recreational-complex,788.32,602.18,6
686,https://www.mdmountainside.com/partners,2097.56,598.65,5
687,https://www.mdmountainside.com/partners/tourism-reinvestment-marketing-grant-program,528.53,598.65,5
688,https://www.mdmountainside.com/passages-of-the-western-potomac-heritage-area,3633.17,598.65,5
689,https://www.mdmountainside.com/past-perfect--a-bargain-boutique,788.36,602.18,6
690,https://www.mdmountainside.com/patricks-pub,1145.86,602.18,6
691,https://www.mdmountainside.com/paw-paw-tunnel-tours,1124.77,602.18,6
692,https://www.mdmountainside.com/peppers-overstock-room,915.9,602.18,6
693,https://www.mdmountainside.com/pet-care,811.27,602.18,6
694,https://www.mdmountainside.com/pet-wants-mountain-maryland,958.96,602.18,6
695,https://www.mdmountainside.com/petsmart,743.29,602.18,6
696,https://www.mdmountainside.com/phantoom-of-the-universe,897.66,602.18,6
697,https://www.mdmountainside.com/pharmacare-bedford-road,1191.38,602.18,6
698,https://www.mdmountainside.com/pharmacare-of-frostburg,1225.8,602.18,6
699,https://www.mdmountainside.com/pharmacare-west,1257.55,602.18,6
700,https://www.mdmountainside.com/pharmacare-willowbrook,1203.45,602.18,6
701,https://www.mdmountainside.com/phoenix-landing-wellness--art-music-and-holistic-wellness,1022.64,602.18,6
702,https://www.mdmountainside.com/photo-contest,4768.63,598.65,5
703,https://www.mdmountainside.com/photo-contest-submission-confirmation,1294.23,598.65,5
704,https://www.mdmountainside.com/photography-of-parker-reinecker-and-work-of-the-quad-state-bodgers,2582.89,602.18,6
705,https://www.mdmountainside.com/pig-out-in-the-park,983.06,602.18,6
706,https://www.mdmountainside.com/pig-out-in-the-park-a-backyard-bbq-bash,906.54,602.18,6
707,https://www.mdmountainside.com/pirates-ahoy,935.49,602.18,6
708,https://www.mdmountainside.com/pizza-hut,1153.91,602.18,6
709,https://www.mdmountainside.com/pizza-hut2,1098.43,602.18,6
710,https://www.mdmountainside.com/pizza-hut23,1121.91,602.18,6
711,https://www.mdmountainside.com/places-to-stay,2800.75,598.65,5
712,https://www.mdmountainside.com/plan-visit,1219.67,598.65,5
713,https://www.mdmountainside.com/platinum-coach-limousine-service,799.21,602.18,6
714,https://www.mdmountainside.com/playing-for-pennies-(mcdonald-and-nash)-plus-queen-city-creamery-at-1812-brewery,819.74,602.18,6
715,https://www.mdmountainside.com/playing-for-pennies-plus-three-great-food-trucks-at-1812-brewery,839.9,602.18,6
716,https://www.mdmountainside.com/port-west-restaurant,821.46,602.18,6
717,https://www.mdmountainside.com/potomac-eagle-scenic-railroad,1176.33,602.18,6
718,https://www.mdmountainside.com/potomac-valley-pharmacy,840.74,602.18,6
719,https://www.mdmountainside.com/powells-auto-parts-towing,792.22,602.18,6
720,https://www.mdmountainside.com/presents-for-paws,1169.09,602.18,6
721,https://www.mdmountainside.com/press-room,807.21,598.65,5
722,https://www.mdmountainside.com/princess-restaurant,1799.22,602.18,6
723,https://www.mdmountainside.com/privacy,1019.61,598.65,5
724,https://www.mdmountainside.com/project-rachel-information-session,813.13,602.18,6
725,https://www.mdmountainside.com/prosperity-united-methodist-church,882.29,602.18,6
726,https://www.mdmountainside.com/public-reading-the-granny-chronicles,2840.05,602.18,6
727,https://www.mdmountainside.com/puccini-restaurant,920.12,602.18,6
728,https://www.mdmountainside.com/put-yourself-first,810.02,602.18,6
729,https://www.mdmountainside.com/quality-inn-suites,2728.43,602.18,6
730,https://www.mdmountainside.com/queen-city-creamery,2066.75,602.18,6
731,https://www.mdmountainside.com/queen-city-film-festival-(qcff)-2018,1099.09,602.18,6
732,https://www.mdmountainside.com/queen-city-flea-market,946.76,602.18,6
733,https://www.mdmountainside.com/queen-city-motors,838.84,602.18,6
734,https://www.mdmountainside.com/queen-city-taxi,1155.66,602.18,6
735,https://www.mdmountainside.com/ramada-downtown-cumberland,1849.89,602.18,6
736,https://www.mdmountainside.com/rawlings-united-methodist-church,772.13,602.18,6
737,https://www.mdmountainside.com/red-ridge-auto-repair,808.6,602.18,6
738,https://www.mdmountainside.com/rent-a-wreck,789.22,602.18,6
739,https://www.mdmountainside.com/request-a-guide,5532.69,598.65,5
740,https://www.mdmountainside.com/resources,1939.13,598.65,5
741,https://www.mdmountainside.com/restaurants,1584.57,602.18,6
742,https://www.mdmountainside.com/restoring-the-american-chestnut-a-research-and-volunteer-effort,878.73,602.18,6
743,https://www.mdmountainside.com/revisiting-the-lonaconing-silk-mill,774.94,602.18,6
744,https://www.mdmountainside.com/rio-grande-inc-restaurante-mexican,805.26,602.18,6
745,https://www.mdmountainside.com/ristorante-ottaviani,2364.55,602.18,6
746,https://www.mdmountainside.com/ritas-ice,840.85,602.18,6
747,https://www.mdmountainside.com/rite-aid-pharmacy,802.41,602.18,6
748,https://www.mdmountainside.com/rite-aid-pharmacy-frostburg,781.89,602.18,6
749,https://www.mdmountainside.com/river-access,2117.68,598.65,5
750,https://www.mdmountainside.com/river-and-rails-festival,1150.67,602.18,6
751,https://www.mdmountainside.com/river-rail-fest,826.32,602.18,6
752,https://www.mdmountainside.com/river-rail-fest-train,1098.3,602.18,6
753,https://www.mdmountainside.com/riverside-bmx,930.63,602.18,6
754,https://www.mdmountainside.com/rocktember,903.75,602.18,6
755,https://www.mdmountainside.com/rocky-gap-casino--lbs-place,1402.21,602.18,6
756,https://www.mdmountainside.com/rocky-gap-casino--on-the-rocks,991.08,602.18,6
757,https://www.mdmountainside.com/rocky-gap-casino-resort,3326.45,602.18,6
758,https://www.mdmountainside.com/rocky-gap-casino-resort--a-little-munch,987.9,602.18,6
759,https://www.mdmountainside.com/rocky-gap-casino-resort--lakeside-dining-room,1617.78,602.18,6
760,https://www.mdmountainside.com/rocky-gap-casino-resort--signatures-bar-and-grill,1444.76,602.18,6
761,https://www.mdmountainside.com/rocky-gap-golf-course,1909.03,602.18,6
762,https://www.mdmountainside.com/rocky-gap-state-park,3526.08,602.18,6
763,https://www.mdmountainside.com/rocky-gap-state-park-aviary,1705.23,602.18,6
764,https://www.mdmountainside.com/rocky-gap-state-park-campgrounds,1158.07,602.18,6
765,https://www.mdmountainside.com/roses--cumberland,903.82,602.18,6
766,https://www.mdmountainside.com/roses--frostburg,879.59,602.18,6
767,https://www.mdmountainside.com/roy-rogers-restaurant,868.86,602.18,6
768,https://www.mdmountainside.com/ruby-tuesday,788.12,602.18,6
769,https://www.mdmountainside.com/rustic-touch,1727.59,602.18,6
770,https://www.mdmountainside.com/sadies,1324.65,602.18,6
771,https://www.mdmountainside.com/salem-united-church-of-christ,839.37,602.18,6
772,https://www.mdmountainside.com/samhain-the-celtic-origins-of-halloween-fourth-friday-tea,793.99,602.18,6
773,https://www.mdmountainside.com/sand-springs-saloon-steakhouse,2432.13,602.18,6
774,https://www.mdmountainside.com/savage-fame-paintball-park,1305.97,602.18,6
775,https://www.mdmountainside.com/savage-mountain-punk-festival,1186.95,602.18,6
776,https://www.mdmountainside.com/scents-n-things,839.86,602.18,6
777,https://www.mdmountainside.com/schoolhouse-kitchen,786.44,602.18,6
778,https://www.mdmountainside.com/second-baptist-church-sbc,843.66,602.18,6
779,https://www.mdmountainside.com/seoul-house,816.53,602.18,6
780,https://www.mdmountainside.com/september-book-group-discussion,830.07,602.18,6
781,https://www.mdmountainside.com/serenity-garden-labyrinth,799.13,602.18,6
782,https://www.mdmountainside.com/seventh-day-adventist-church2,1043.64,602.18,6
783,https://www.mdmountainside.com/shakes-n-jazz,818.75,602.18,6
784,https://www.mdmountainside.com/shaw-mansion-inn,785.66,602.18,6
785,https://www.mdmountainside.com/sheetz-bedford-road,861.72,602.18,6
786,https://www.mdmountainside.com/sheetz-convenience-stores,774.58,602.18,6
787,https://www.mdmountainside.com/sheetz-corriganville,881.86,602.18,6
788,https://www.mdmountainside.com/sheetz-cresaptown,889.52,602.18,6
789,https://www.mdmountainside.com/sheetz-frostburg,848.27,602.18,6
790,https://www.mdmountainside.com/sheetz-green-street,924.83,602.18,6
791,https://www.mdmountainside.com/sheetz-virginia-avenue,883.63,602.18,6
792,https://www.mdmountainside.com/sheetz-winchester-road,888.49,602.18,6
793,https://www.mdmountainside.com/shes-so-pretty,791.45,602.18,6
794,https://www.mdmountainside.com/shoes-diesel-performance,791.81,602.18,6
795,https://www.mdmountainside.com/shooters-bar-grill,874.03,602.18,6
796,https://www.mdmountainside.com/shop-small,1468.38,602.18,6
797,https://www.mdmountainside.com/shop-small-saturday-at-barkin-basement-thrift-shop,864.8,602.18,6
798,https://www.mdmountainside.com/shop-small-saturday-at-fort-cumberland-emporium,939.35,602.18,6
799,https://www.mdmountainside.com/shopping,1473.84,602.18,6
800,https://www.mdmountainside.com/sideling-hill-creek-nature-preserve,793.73,602.18,6
801,https://www.mdmountainside.com/simplee-kountry,1139.56,602.18,6
802,https://www.mdmountainside.com/simply-formal-,993.25,602.18,6
803,https://www.mdmountainside.com/sips-for-survivors-at-toasted-goat-winery,843.81,602.18,6
804,https://www.mdmountainside.com/sitemap,585.17,598.65,5
805,https://www.mdmountainside.com/sitn-jaw,814.96,602.18,6
806,https://www.mdmountainside.com/sitn-jaw2,814.97,602.18,6
807,https://www.mdmountainside.com/sitn-jaw23,814.98,602.18,6
808,https://www.mdmountainside.com/sitn-jaw234,814.99,602.18,6
809,https://www.mdmountainside.com/sitn-jaw2345,815.0,602.18,6
810,https://www.mdmountainside.com/sitn-jaw23456,815.0,602.18,6
811,https://www.mdmountainside.com/skewers,747.84,602.18,6
812,https://www.mdmountainside.com/skid-row-in-concert,2147.09,602.18,6
813,https://www.mdmountainside.com/sleep-inn-,1789.73,602.18,6
814,https://www.mdmountainside.com/small-business-saturday-2018,933.42,602.18,6
815,https://www.mdmountainside.com/smittys-tire-truck-service,788.88,602.18,6
816,https://www.mdmountainside.com/souls-harbor-church,798.01,602.18,6
817,https://www.mdmountainside.com/south-cumberland-pharmacy,771.25,602.18,6
818,https://www.mdmountainside.com/spa-and-wellness,1272.67,602.18,6
819,https://www.mdmountainside.com/special-love-friday-at-1812-brewery,954.26,602.18,6
820,https://www.mdmountainside.com/specialty-food,1511.68,602.18,6
821,https://www.mdmountainside.com/spectrum-design-services-llc,828.66,602.18,6
822,https://www.mdmountainside.com/sponaugle-towing,858.46,602.18,6
823,https://www.mdmountainside.com/spring,2581.74,598.65,5
824,https://www.mdmountainside.com/spring-gap-boat-access,1093.77,602.18,6
825,https://www.mdmountainside.com/spun-from-light-woven-in-silence-paintings-on-glass-by-john-lyon-paul,3247.81,602.18,6
826,https://www.mdmountainside.com/ss-peter-paul-shrine,811.26,602.18,6
827,https://www.mdmountainside.com/st-ambrose-church,803.93,602.18,6
828,https://www.mdmountainside.com/st-georges-episcopal-church,803.89,602.18,6
829,https://www.mdmountainside.com/st-james-episcopal-church,820.67,602.18,6
830,https://www.mdmountainside.com/st-johns-episcopal-church,854.58,602.18,6
831,https://www.mdmountainside.com/st-johns-lutheran-church,806.52,602.18,6
832,https://www.mdmountainside.com/st-lukes-lutheran-church,825.05,602.18,6
833,https://www.mdmountainside.com/st-marks-community-church,814.9,602.18,6
834,https://www.mdmountainside.com/st-marys-catholic-church,843.29,602.18,6
835,https://www.mdmountainside.com/st-matthews-united-church-of-christ,785.44,602.18,6
836,https://www.mdmountainside.com/st-michaels-catholic-church-,829.37,602.18,6
837,https://www.mdmountainside.com/st-patricks-catholic-church,804.03,602.18,6
838,https://www.mdmountainside.com/st-pauls-lutheran-church,812.0,602.18,6
839,https://www.mdmountainside.com/st-pauls-lutheran-church2,828.44,602.18,6
840,https://www.mdmountainside.com/st-peters-episcopal-church,812.45,602.18,6
841,https://www.mdmountainside.com/st-peters-rectory,803.69,602.18,6
842,https://www.mdmountainside.com/standard-bank,796.86,602.18,6
843,https://www.mdmountainside.com/standard-bank-cumberland,844.69,602.18,6
844,https://www.mdmountainside.com/staples,738.54,602.18,6
845,https://www.mdmountainside.com/station-x-hobby-store,775.46,602.18,6
846,https://www.mdmountainside.com/steeped-in-traditions,811.93,602.18,6
847,https://www.mdmountainside.com/sterling-optical,787.14,602.18,6
848,https://www.mdmountainside.com/steves-pharmacy,788.1,602.18,6
849,https://www.mdmountainside.com/stonebridge,2144.56,602.18,6
850,https://www.mdmountainside.com/storybook-holiday-2018,1071.1,602.18,6
851,https://www.mdmountainside.com/storytime-at-the-book-center-2018,877.58,602.18,6
852,https://www.mdmountainside.com/strangerz-acoustic-sob-bbq-and-pink-and-drink-after-party-at-1812,825.4,602.18,6
853,https://www.mdmountainside.com/submit-an-event,903.01,598.65,5
854,https://www.mdmountainside.com/subway,710.36,602.18,6
855,https://www.mdmountainside.com/summer,5223.67,598.65,5
856,https://www.mdmountainside.com/summer-mountain-cluster-dog-shows,800.47,602.18,6
857,https://www.mdmountainside.com/summer-music-academy,887.44,602.18,6
858,https://www.mdmountainside.com/summer-of-heritage,2686.43,598.65,5
859,https://www.mdmountainside.com/sunday-in-the-park-concert-series-28-speedway,979.16,602.18,6
860,https://www.mdmountainside.com/sunday-in-the-park-concert-series-cramer-brothers,979.21,602.18,6
861,https://www.mdmountainside.com/sunday-in-the-park-concert-series-hot-sauce-willie,978.8,602.18,6
862,https://www.mdmountainside.com/sunday-in-the-park-concert-series-jazz-in-the-park-with-tom-harrison,979.03,602.18,6
863,https://www.mdmountainside.com/sunday-in-the-park-concert-series-not-really-dan--steely-dan-tribute,979.04,602.18,6
864,https://www.mdmountainside.com/sunday-in-the-park-concert-series-potomac-concert-band,978.85,602.18,6
865,https://www.mdmountainside.com/sunday-in-the-park-concert-series-shades-of-blue,979.2,602.18,6
866,https://www.mdmountainside.com/sunday-in-the-park-concert-series-shanty-irish,979.17,602.18,6
867,https://www.mdmountainside.com/sunday-in-the-park-concert-series-surrender-dorothy,979.24,602.18,6
868,https://www.mdmountainside.com/sunday-in-the-park-concert-series-tarnished-silver,979.22,602.18,6
869,https://www.mdmountainside.com/super-8-motel,774.8,602.18,6
870,https://www.mdmountainside.com/super-shoes,766.11,602.18,6
871,https://www.mdmountainside.com/superhero-adventure-challenge,864.86,602.18,6
872,https://www.mdmountainside.com/susquehanna-bank,815.22,602.18,6
873,https://www.mdmountainside.com/taco-bell,822.8,602.18,6
874,https://www.mdmountainside.com/tech-at-the-gap-igniting-innovation-18,713.48,602.18,6
875,https://www.mdmountainside.com/terrys-jewelry,816.02,602.18,6
876,https://www.mdmountainside.com/texas-grillhouse,946.35,602.18,6
877,https://www.mdmountainside.com/the-acoustic-music-of-charlie-mcclanahan-and-good-carma-catering-at-1812-brewery,832.78,602.18,6
878,https://www.mdmountainside.com/the-best-christmas-pageant-ever,831.69,602.18,6
879,https://www.mdmountainside.com/the-book-center,1111.26,602.18,6
880,https://www.mdmountainside.com/the-church-of-saint-patrick,843.9,602.18,6
881,https://www.mdmountainside.com/the-churchill-pub-restaurant,841.48,602.18,6
882,https://www.mdmountainside.com/the-culinaire-cafe,1058.61,602.18,6
883,https://www.mdmountainside.com/the-draft-sports-bar-grille,935.45,602.18,6
884,https://www.mdmountainside.com/the-edge-of-earth-and-sky,1082.03,602.18,6
885,https://www.mdmountainside.com/the-fall-foliage-experience-train,1189.82,602.18,6
886,https://www.mdmountainside.com/the-filling-station-diner,823.18,602.18,6
887,https://www.mdmountainside.com/the-froyo-factory,786.06,602.18,6
888,https://www.mdmountainside.com/the-gordon-roberts-house,2038.19,602.18,6
889,https://www.mdmountainside.com/the-greater-cumberland-regional-airport,809.63,602.18,6
890,https://www.mdmountainside.com/the-gulf-war-memorial,816.85,602.18,6
891,https://www.mdmountainside.com/the-hazen-gallery-at-allegany-college-of-maryland,793.93,602.18,6
892,https://www.mdmountainside.com/the-irvin-allen--michael-cresap-museum-inc,790.55,602.18,6
893,https://www.mdmountainside.com/the-knot-hole-craft-shop,785.43,602.18,6
894,https://www.mdmountainside.com/the-magic-of-vince-a-tribute-to-the-great-houdini,1016.1,602.18,6
895,https://www.mdmountainside.com/the-manhattan-social,835.35,602.18,6
896,https://www.mdmountainside.com/the-outback-lounge,829.1,602.18,6
897,https://www.mdmountainside.com/the-palace-theatre,947.27,602.18,6
898,https://www.mdmountainside.com/the-plate-scrapers-live-on-the-mccoury-family-stage,863.42,602.18,6
899,https://www.mdmountainside.com/the-pros-from-dover-and-klavuhns-family,878.14,602.18,6
900,https://www.mdmountainside.com/the-pros-from-dover-and-klavuhns-family-concessions-at-1812-brewery,897.75,602.18,6
901,https://www.mdmountainside.com/the-rocky-horror-picture-show-(1975),828.63,602.18,6
902,https://www.mdmountainside.com/the-shoe-dept,737.74,602.18,6
903,https://www.mdmountainside.com/the-spa-at-rocky-gap-casino-,904.67,602.18,6
904,https://www.mdmountainside.com/the-spanish-musical-diaspora-iberia-y-amrica,1032.26,602.18,6
905,https://www.mdmountainside.com/the-spring-dance-concert,829.65,602.18,6
906,https://www.mdmountainside.com/the-strawberry-dog,835.01,602.18,6
907,https://www.mdmountainside.com/the-summit,1117.69,598.65,5
908,https://www.mdmountainside.com/the-tea-cupboard,883.25,602.18,6
909,https://www.mdmountainside.com/the-vapor-room,1133.99,602.18,6
910,https://www.mdmountainside.com/the-vapor-room2,4649.96,602.18,6
911,https://www.mdmountainside.com/things-to-do,3208.68,598.65,5
912,https://www.mdmountainside.com/third-friday-dance-session,786.1,602.18,6
913,https://www.mdmountainside.com/third-friday-dance-session2,786.12,602.18,6
914,https://www.mdmountainside.com/third-friday-dance-session23,786.13,602.18,6
915,https://www.mdmountainside.com/thirsty-thursday-game-nights-at-1812,815.78,602.18,6
916,https://www.mdmountainside.com/thrasher-carriage-museum,1061.33,602.18,6
917,https://www.mdmountainside.com/three-guys-guns,813.56,602.18,6
918,https://www.mdmountainside.com/timbrook-honda-of-cumberland,794.74,602.18,6
919,https://www.mdmountainside.com/tnt-dakota-saloon,852.93,602.18,6
920,https://www.mdmountainside.com/to-sing-to-the-lute,1310.86,602.18,6
921,https://www.mdmountainside.com/to-sing-to-the-lute-cumberland,1310.55,602.18,6
922,https://www.mdmountainside.com/toasted-goat-and-hotel-gunter-grand-opening-and-ribbon-cutting,1196.67,602.18,6
923,https://www.mdmountainside.com/toasted-goat-winery-tasting-room,1436.97,602.18,6
924,https://www.mdmountainside.com/todds-smokin-bar-b-q,814.17,602.18,6
925,https://www.mdmountainside.com/top-10-fall-activities,1525.17,598.65,5
926,https://www.mdmountainside.com/tourism-grant-2019,457.88,598.65,5
927,https://www.mdmountainside.com/town-creek-aqueduct-boat-access,2654.97,602.18,6
928,https://www.mdmountainside.com/town-hill-bed-breakfast,873.79,602.18,6
929,https://www.mdmountainside.com/trail-inn-and-campground,829.15,602.18,6
930,https://www.mdmountainside.com/trail-inn-lodging-and-campground,1096.52,602.18,6
931,https://www.mdmountainside.com/trailguide-features-cumberland-md,658.84,598.65,5
932,https://www.mdmountainside.com/trails,2132.83,598.65,5
933,https://www.mdmountainside.com/transportation,720.12,602.18,6
934,https://www.mdmountainside.com/twisteez-ice-cream,910.24,602.18,6
935,https://www.mdmountainside.com/uncle-jacks-pizzeria-pub,892.04,602.18,6
936,https://www.mdmountainside.com/union-grove-one-room-schoolhouse,2202.17,602.18,6
937,https://www.mdmountainside.com/valentines-day-2019,3271.59,598.65,5
938,https://www.mdmountainside.com/valero,748.96,602.18,6
939,https://www.mdmountainside.com/vanmeters-gas-grocery,772.4,602.18,6
940,https://www.mdmountainside.com/victorian-creations,774.35,602.18,6
941,https://www.mdmountainside.com/vietnam-veterans-of-america-chapter-172-museum,816.47,602.18,6
942,https://www.mdmountainside.com/wal-mart-supercenter,764.08,602.18,6
943,https://www.mdmountainside.com/walkers-exxon,805.12,602.18,6
944,https://www.mdmountainside.com/walmart-supercenter,745.79,602.18,6
945,https://www.mdmountainside.com/walmart-vision-center,763.65,602.18,6
946,https://www.mdmountainside.com/walsh-mccagh-kellough-pharmacy,815.2,602.18,6
947,https://www.mdmountainside.com/warrant-in-concert,844.7,602.18,6
948,https://www.mdmountainside.com/warrior-mountain-paintball,978.81,602.18,6
949,https://www.mdmountainside.com/wasabi-japanese-cuisine,812.37,602.18,6
950,https://www.mdmountainside.com/water-fun,1534.65,602.18,6
951,https://www.mdmountainside.com/weddings,3184.97,598.65,5
952,https://www.mdmountainside.com/weinerfest,824.61,602.18,6
953,https://www.mdmountainside.com/weinerfest-ii,825.8,602.18,6
954,https://www.mdmountainside.com/weinerfest-ii-presents-hot-sauce-willie,870.38,602.18,6
955,https://www.mdmountainside.com/weinerfest-ii-presents-queen-city-funk-and-soul,871.45,602.18,6
956,https://www.mdmountainside.com/weis-market-mcmullen-hwy,754.62,602.18,6
957,https://www.mdmountainside.com/welsh-memorial-baptist-church,777.41,602.18,6
958,https://www.mdmountainside.com/wendys-old-fashioned-hamburgers,808.29,602.18,6
959,https://www.mdmountainside.com/wendys-old-fashioned-hamburgers-2,855.86,602.18,6
960,https://www.mdmountainside.com/western-maryland-animal-hospital,805.89,602.18,6
961,https://www.mdmountainside.com/western-maryland-craft-beverage-festival,2277.7,602.18,6
962,https://www.mdmountainside.com/western-maryland-dermatology,825.34,602.18,6
963,https://www.mdmountainside.com/western-maryland-gallery,812.99,602.18,6
964,https://www.mdmountainside.com/western-maryland-health-system,776.41,602.18,6
965,https://www.mdmountainside.com/western-maryland-music-center,842.8,602.18,6
966,https://www.mdmountainside.com/western-maryland-music-festival,846.3,602.18,6
967,https://www.mdmountainside.com/western-maryland-railway-station-at-canal-place,1056.01,602.18,6
968,https://www.mdmountainside.com/western-maryland-scenic-railroad,10309.81,602.18,6
969,https://www.mdmountainside.com/western-maryland-scenic-railroad-gift-shop,850.99,602.18,6
970,https://www.mdmountainside.com/western-md-street-rod-roundup,881.25,602.18,6
971,https://www.mdmountainside.com/western-mountains-chapter-of-the-maryland-native-plant-society,761.73,602.18,6
972,https://www.mdmountainside.com/westernport-boat-access,805.84,602.18,6
973,https://www.mdmountainside.com/westernport-church-of-the-brethren,822.04,602.18,6
974,https://www.mdmountainside.com/westernport-heritage-society-station-museum,804.98,602.18,6
975,https://www.mdmountainside.com/white-christmas,916.96,602.18,6
976,https://www.mdmountainside.com/white-christmas-matinee,967.84,602.18,6
977,https://www.mdmountainside.com/wholesome-harvest-co-op,1184.11,602.18,6
978,https://www.mdmountainside.com/williams-stained-glass-studio,928.82,602.18,6
979,https://www.mdmountainside.com/wills-creek-exhibition,1625.7,602.18,6
980,https://www.mdmountainside.com/window-expressions,829.41,602.18,6
981,https://www.mdmountainside.com/winifred-road-church-of-christ,811.8,602.18,6
982,https://www.mdmountainside.com/winnies-rock-cauldron-cabaret,990.77,602.18,6
983,https://www.mdmountainside.com/winterland-on-the-western-maryland,1592.7,602.18,6
984,https://www.mdmountainside.com/winters-towing,803.04,602.18,6
985,https://www.mdmountainside.com/wmhs-farmers-market,884.58,602.18,6
986,https://www.mdmountainside.com/world-war-i-in-your-attic-western-maryland-in-the-first-world-war,940.99,602.18,6
987,https://www.mdmountainside.com/worn-out-flannels-and-sweet-dreams-food-truck-at-1812-brewery,1185.26,602.18,6
988,https://www.mdmountainside.com/worn-out-flannels-plus-chef-pauls-kitchen-at-1812-brewery,1204.93,602.18,6
989,https://www.mdmountainside.com/yamato-steakhouse-of-japan,840.03,602.18,6
990,https://www.mdmountainside.com/yellow-cab-co,797.97,602.18,6
991,https://www.mdmountainside.com/yellow-k-records,1056.08,602.18,6
992,https://www.mdmountainside.com/zula-patrol-down-to-earth,814.63,602.18,6
